bids_name	aor	aqi	dummy_trs	dvars_nstd	dvars_std	dvars_vstd	efc	fber	fd_mean	fd_num	fd_perc	fwhm_avg	fwhm_x	fwhm_y	fwhm_z	gcor	gsr_x	gsr_y	size_t	size_x	size_y	size_z	snr	spacing_tr	spacing_x	spacing_y	spacing_z	spikes_num	summary_bg_k	summary_bg_mad	summary_bg_mean	summary_bg_median	summary_bg_n	summary_bg_p05	summary_bg_p95	summary_bg_stdv	summary_fg_k	summary_fg_mad	summary_fg_mean	summary_fg_median	summary_fg_n	summary_fg_p05	summary_fg_p95	summary_fg_stdv	tsnr
sub-01_ses-post_task-emomatching_acq-seq_bold	0.0009546212121212122	0.0051907006060606066	0	26.772525146412217	1.2918540570992365	0.9989362896946569	0.392237417073325	524952032.0	0.20780271046860785	65	49.24242424242424	1.7058029370596535	1.6396333333333333	1.8652633333333333	1.6125121445122943	0.0440667	-0.009775216691195965	0.0017029790906235576	132	80	80	36	6.484097390036412	2.0	3.0	3.0	3.299999952316284	1	59.906983613235646	3.5508357200802454	728.7474975585938	2.4011993408203125	158274.0	0.00131791977910325	4043.6661254882874	3373.452392578125	2.658949089071462	7825.423540113957	59028.5859375	57929.3828125	32184.0	46890.2728515625	73824.99843749999	8933.931640625	81.34566497802734
sub-01_ses-post_task-restingstate_acq-mb3_bold	0.0002064835164835165	0.013537558712715855	0	21.5636179552673	1.1320237536792457	0.9984730662106912	0.39541850121823574	1786451840.0	0.11967139593395995	84	13.186813186813186	1.7869790988398109	1.7216466666666665	1.99273	1.6465606298527664	0.0309251	-0.010163695551455021	0.0014693381963297725	637	80	80	36	9.683943252176505	0.7639936804771423	3.0	3.0	3.299999952316284	1	59.07154486938548	1.4572490145626187	595.3839721679688	0.9877306222915649	158468.0	0.003294688521418721	3374.223449707031	2688.875244140625	4.3763723735873885	3778.9706254009243	45557.9765625	45828.22265625	31816.0	37945.904296875	52461.75	4732.318359375	68.00556182861328
sub-01_ses-post_task-restingstate_acq-seq_bold	0.0005960833333333333	0.005230583499999999	0	24.478304548033478	1.2591893068200843	0.9892978075313803	0.3917009270778143	474075168.0	0.23127711131281203	156	65.0	1.7065584925591768	1.6502233333333332	1.8685733333333332	1.6008788110108636	0.039387	-0.009978908114135265	0.002022842178121209	240	80	80	36	6.429358210821584	2.0	3.0	3.0	3.299999952316284	0	59.27133515416861	3.7711876055076003	723.0863647460938	2.553555488586426	158265.0	0.004247483331710101	4073.9860351562475	3321.343017578125	2.6318545728700826	7973.3420684844705	60129.18359375	58958.55859375	32153.0	47802.528906249994	75319.39062499999	9170.06640625	82.02037048339844
sub-01_ses-pre_task-emomatching_acq-seq_bold	0.0017713333333333335	0.005613957777777777	0	27.13257543380597	1.290393729850746	1.0079448676865674	0.3946125716449735	76191024.0	0.21098763929592626	63	46.666666666666664	1.744071828757291	1.70221	1.86467	1.6653354862718728	0.0200723	-0.009348036721348763	0.0032072134781628847	135	80	80	36	5.427648998615514	2.0	3.0	3.0	3.3002119064331055	0	52.89073479922053	3.824184392021455	341.58148193359375	2.638591766357422	157920.0	0.021803800854831933	1971.6855285644463	1526.055419921875	2.28046771897917	3893.047020709573	24112.208984375	23606.73828125	32227.0	18048.33984375	31384.850781249996	4349.28125	68.70993041992188
sub-01_ses-pre_task-restingstate_acq-mb3_bold	5.720565149136578e-05	0.03210873076923077	0	54.625928932610066	1.1033479256289296	0.9990161155188694	0.3975728232602518	232674688.0	0.14310216052299926	135	21.19309262166405	1.7187393931479271	1.69998	1.8658766666666666	1.590361512777115	0.0040674	-0.011743297800421715	0.0035828042309731245	637	80	80	36	6.922465389312276	0.7637892961502075	3.0	3.0	3.3002119064331055	0	47.891448963682045	1.6831252480585275	279.60186767578125	1.1467368602752686	158418.0	0.004948708252049983	1757.3272216796875	1210.9619140625	1.4701040270459451	2393.7003738279773	18184.09375	18154.044921875	31656.0	14081.808837890625	22458.45654296875	2622.441162109375	28.905385971069336
sub-01_ses-pre_task-restingstate_acq-seq_bold	0.0006804166666666666	0.005650675333333333	0	30.058463834853576	1.3410251655648535	0.9842413284518828	0.39302332713354843	208888656.0	0.2561660357724769	184	76.66666666666667	1.7566274599491336	1.7145433333333333	1.87938	1.6759590465140672	0.0530391	-0.009121301583945751	0.002793053165078163	240	80	80	36	5.418173314496402	2.0	3.0	3.0	3.3002119064331055	0	54.98943596701487	2.25292466802473	327.1451721191406	1.5431625843048096	157934.0	0.013968639587983491	1850.611437988283	1482.422607421875	2.2769552703354528	3935.4618957009025	24512.2890625	23966.57421875	32222.0	18358.295703125	31907.205273437496	4423.29931640625	68.94596862792969
sub-02_ses-post_task-emomatching_acq-seq_bold	0.000697925925925926	0.0045816431111111115	0	20.62386458679105	1.3412551261194023	0.9867062057462692	0.3889138895619772	6141935104.0	0.07524316544855486	0	0.0	1.8402615234712218	1.81207	1.9813933333333333	1.727321237080332	0.029905	-0.013535249046981335	0.005125666037201881	135	80	80	36	7.275963279597384	2.0	3.0	3.0	3.299999952316284	0	78.62412100700679	1.3025379318814003	644.2423095703125	0.8806493878364563	158363.0	0.00014386902475962418	4204.18774414062	2912.09814453125	1.3444647929440219	9090.477048713527	72126.875	71383.2265625	32367.0	57672.0015625	88849.26562499999	9810.6767578125	99.52416229248047
sub-02_ses-post_task-restingstate_acq-mb3_bold	0.0003919937205651491	0.012051435494505493	0	18.719260251902533	1.1644226026100641	1.006631953238994	0.39095089560988894	772864320.0	0.08898442777399175	11	1.7268445839874411	1.9484717256602941	1.9288999999999998	2.1541333333333332	1.76238184364755	0.0404593	-0.01435204315930605	0.003899484174326062	637	80	80	36	10.690471353457683	0.7639936804771423	3.0	3.0	3.299999952316284	1	69.8614456867977	2.769883951762305	524.8533935546875	1.8908500671386719	158633.0	0.010647863149642946	3516.285839843749	2280.356689453125	4.174273180475735	4463.333438906702	55019.4140625	55441.85546875	31957.0	46319.253125	62671.710156249996	5186.01904296875	76.5834732055664
sub-02_ses-post_task-restingstate_acq-seq_bold	0.00047975	0.004076574208333334	0	21.21692090075314	1.3820342026359818	0.9909772990794982	0.3882624727323544	4987240960.0	0.0794897840092201	0	0.0	1.8599037457645682	1.83144	2.0061833333333334	1.7420879039603712	0.11475	-0.013556444086134434	0.004539484158158302	240	80	80	36	7.135169660435316	2.0	3.0	3.0	3.299999952316284	0	81.37238314102323	1.485166361803999	663.0387573242188	1.0017294883728027	158387.0	0.0	4234.062207031242	3039.529296875	1.6557253518175177	9681.989002577933	75988.953125	75203.2734375	32322.0	60516.798828125	93693.2125	10539.638671875	96.47196197509766
sub-02_ses-pre_task-emomatching_acq-seq_bold	0.002678962962962963	0.010749312592592592	0	18.573982331268663	1.1729708531343288	0.9291547609701489	0.39148067124197305	738988544.0	0.087368709325549	1	0.7407407407407407	1.8074286951759582	1.77217	1.9253766666666667	1.7247394188612073	0.0147729	-0.01425958052277565	0.004832885693758726	135	80	80	36	6.402126514959976	2.0	3.0	3.0	3.299999952316284	0	73.3529646235044	1.3849955494902746	275.9002990722656	0.9376461505889893	158135.0	0.0016308384947478778	1752.1051391601513	1207.8736572265625	1.0906423279262238	4023.99235981491	27976.853515625	27667.63671875	32794.0	21451.49501953125	35310.5306640625	4321.56640625	65.76837158203125
sub-02_ses-pre_task-restingstate_acq-mb3_bold	2.9010989010989016e-05	0.022429360125588698	0	38.07673201154088	1.1167859169182386	0.9951287160534592	0.3910667698695151	1979367680.0	0.08793047390847293	5	0.7849293563579278	1.8864333418295443	1.8418366666666666	2.0534966666666667	1.763966692155299	0.0100186	-0.014969537034630775	0.00389385805465281	637	80	80	36	7.887932937511768	0.7615252137184143	3.0	3.0	3.299999952316284	0	64.7702240968134	0.6375378788439788	210.48941040039062	0.43244826793670654	158599.0	0.001708259654697031	1413.3693969726583	920.2197875976562	1.314906914874852	2473.162930037199	20611.109375	20624.984375	32242.0	16430.44580078125	24805.699902343746	2614.7109375	41.59442138671875
sub-02_ses-pre_task-restingstate_acq-seq_bold	0.000137125	0.0035915842916666666	0	20.54700766481171	1.3545595801673638	0.9876173654811716	0.3902927232244259	2787447296.0	0.08909033857903527	3	1.25	1.7986175841099616	1.7603099999999998	1.9014366666666669	1.7341060856632187	0.0299762	-0.013768285512924194	0.004756580106914043	240	80	80	36	6.4372451670408255	2.0	3.0	3.0	3.299999952316284	2	73.39565256912897	0.7429325074273153	266.7676696777344	0.5047144293785095	158115.0	0.0010627823299728333	1704.2076049804684	1218.66259765625	1.2230126819755958	3989.830251078934	27859.18359375	27566.19140625	32749.0	21381.683203125	35064.82421875	4282.23095703125	100.89714050292969
sub-03_ses-post_task-emomatching_acq-seq_bold	0.0033712592592592596	0.003573471333333333	0	18.297847755074628	1.1576520347014922	1.0226830273880598	0.3809404800118361	267560096.0	0.13361743800704284	14	10.37037037037037	1.8088725906284526	1.7383066666666667	1.9765233333333334	1.7117877718853571	0.034429	-0.014825132675468922	0.008047368377447128	135	80	80	36	6.654066352733484	2.0	3.0	3.0	3.2998483180999756	0	64.80568048219979	5.962507015306134	741.190185546875	4.0917887687683105	160171.0	0.007087936857715249	4523.470458984375	3271.834228515625	1.04521240219779	10086.85813223574	68540.3046875	67795.140625	29884.0	53835.6310546875	85531.85351562499	10188.357421875	92.18165588378906
sub-03_ses-post_task-restingstate_acq-mb3_bold	0.00043243328100470954	0.010133432794348508	0	20.504765267720156	1.1495880322798742	1.0059844822169797	0.38257750772310706	1495132160.0	0.12504892542662735	88	13.814756671899529	1.8907837844789483	1.8232100000000002	2.131953333333333	1.7171880201035117	0.0287367	-0.014943961054086685	0.007791067473590374	637	80	80	36	10.117406099620172	0.7639936804771423	3.0	3.0	3.2998483180999756	2	63.61555483338991	1.9054434638898659	589.4627685546875	1.2852020263671875	160558.0	0.0	3717.3694091796833	2569.015869140625	5.373414915466622	4368.249988815199	52473.55078125	52721.2265625	29599.0	44145.541015625	60056.77734375	5210.85498046875	77.26425170898438
sub-03_ses-post_task-restingstate_acq-seq_bold	0.0007222916666666667	0.007870846666666665	0	19.551652932092058	1.072780094016737	0.9462538191213391	0.3809793244579177	248769760.0	0.18088040964622604	83	34.583333333333336	1.834780242903183	1.7741433333333332	2.0002299999999997	1.7299673953762156	0.0235626	-0.015112226828932762	0.008099542930722237	240	80	80	36	6.587870882500219	2.0	3.0	3.0	3.2998483180999756	0	64.08285999253401	6.062419322649635	757.4560546875	4.137639045715332	160256.0	0.011684775352478027	4623.737060546875	3269.77978515625	1.0368207772704023	10304.296805258367	70089.296875	69338.0078125	29832.0	54713.992773437494	87678.83007812499	10524.9248046875	70.53530883789062
sub-03_ses-pre_task-emomatching_acq-seq_bold	0.00038970370370370363	0.003259056222222222	0	20.59506123880597	1.2146717865671648	0.9959159852985074	0.38517407151817923	664284672.0	0.138797061042115	16	11.851851851851851	1.7318983918353534	1.67436	1.86102	1.66031517550606	0.0301671	-0.015227681957185268	0.009499133564531803	135	80	80	36	5.8211082152714235	2.0	3.0	3.0	3.299999952316284	0	58.032494377267255	1.353665029883117	298.56072998046875	0.9264101982116699	159370.0	0.006885681510902942	1873.148889160149	1316.9412841796875	0.893406702453666	4225.630605092859	25213.60546875	24883.55859375	30551.0	18967.8603515625	32397.24609375	4274.6416015625	86.74637603759766
sub-03_ses-pre_task-restingstate_acq-mb3_bold	9.249999999999999e-05	0.01998751257861635	1	42.78730212225195	1.1134035986456705	0.9989571457165367	0.38703238487563285	1332812672.0	0.11222044111918597	40	6.289308176100629	1.8379387960760667	1.8164633333333333	1.99545	1.701903054894867	0.00949131	-0.016994794830679893	0.009876275435090065	636	80	80	36	6.994047349840465	0.7637892961502075	3.0	3.0	3.299999952316284	0	52.013589987178484	0.68941473630885	240.58175659179688	0.4663372039794922	159854.0	0.000849249225575477	1599.372937011721	1009.2073974609375	1.046855160359402	2526.386033115584	18412.44140625	18459.72265625	30013.0	14114.5982421875	22603.144921875	2639.3037109375	36.336021423339844
sub-03_ses-pre_task-restingstate_acq-seq_bold	0.00012416666666666666	0.0032555264166666664	0	21.81312648422595	1.202387841924685	0.981245940794979	0.3847230969734271	911095680.0	0.17283256719857465	76	31.666666666666668	1.747801725263412	1.6917900000000001	1.8716333333333333	1.6799818424569022	0.0200549	-0.015519923530519009	0.009903906844556332	240	80	80	36	5.737171451965297	2.0	3.0	3.0	3.299999952316284	0	58.27470251379443	1.1567296164144614	296.9142761230469	0.7846845388412476	159351.0	0.0027253550942987204	1864.0379028320312	1295.1915283203125	0.8639087069072033	4336.417476729199	25546.927734375	25217.646484375	30485.0	19079.594140625	32980.94296875	4395.412109375	85.27689361572266
sub-04_ses-post_task-emomatching_acq-seq_bold	0.000745925925925926	0.003056620888888889	0	18.33512073500001	1.1620986126119401	1.0133115136567163	0.4240591745120524	2037436160.0	0.1042657693362951	2	1.4814814814814814	1.919707889457408	1.8406833333333334	2.1388833333333332	1.7795570017055566	0.0393631	-0.014912362210452557	0.01021543052047491	135	80	80	36	5.800463243961109	2.0	3.0	3.0	3.299866199493408	0	33.28218411996075	1.8787422442723423	1007.568359375	1.2722753286361694	151872.0	0.0042408975074067715	6854.674633789056	3948.233642578125	1.675668413624737	10348.546110924353	66810.21875	65773.4765625	37149.0	50377.24609375	85777.63593749999	11339.1962890625	94.68280029296875
sub-04_ses-post_task-restingstate_acq-mb3_bold	0.0006660910518053373	0.0077928842857142855	0	21.52916402639938	1.174833914732704	1.0140286680345914	0.42635511607223225	624509184.0	0.0805080527884363	4	0.6279434850863422	2.0367942065033304	1.9485666666666666	2.3408633333333335	1.8209526195099908	0.0276908	-0.01457018032670021	0.0083701740950346	637	80	80	36	8.283617740280476	0.7639936804771423	3.0	3.0	3.299866199493408	0	34.3731156525642	2.7626124943525614	791.0494995117188	1.870344877243042	152193.0	0.004638727568089963	5388.587109374984	3051.595703125	3.047589639830692	5505.550675781897	51719.08203125	52032.625	36633.0	41125.47109375	61216.7375	6281.30322265625	73.73478698730469
sub-04_ses-post_task-restingstate_acq-seq_bold	0.001127	0.0036389422916666666	0	19.8406930548954	1.2066383427615066	1.0053826900000007	0.4228970953302838	1269476224.0	0.10136558651809308	4	1.6666666666666667	1.9377540696983404	1.8660266666666667	2.1588266666666667	1.7884088757616878	0.052425	-0.014668473042547703	0.009282425045967102	240	80	80	36	5.749868052226971	2.0	3.0	3.0	3.299866199493408	3	34.39352811740752	2.4873390417762797	982.5722045898438	1.6883838176727295	151929.0	0.0034719938412308693	6682.454882812506	3859.973876953125	1.5952454755962533	10543.50830265784	67654.5625	66578.3125	37023.0	50849.651953125	87279.33203125	11578.9462890625	86.64763641357422
sub-04_ses-pre_task-emomatching_acq-seq_bold	0.0005397037037037038	0.002876152148148148	0	23.073898528805973	1.326216262462686	1.008358542014925	0.42674829766061906	514625568.0	0.11293259740925223	6	4.444444444444445	1.769953846480685	1.6889466666666666	1.9398633333333333	1.6810515394420555	0.0405586	-0.014468948356807232	0.010489113628864288	135	80	80	36	5.4139408697684885	2.0	3.0	3.0	3.299999952316284	1	32.990922017774466	1.6697876383020827	463.8454895019531	1.1343135833740234	151504.0	0.0026760168722830715	3201.1479980468816	1840.2244873046875	2.0167097630956308	4629.2951204481315	27783.5859375	27352.919921875	37343.0	20463.73125	36071.281640625	5052.24462890625	91.07780456542969
sub-04_ses-pre_task-restingstate_acq-mb3_bold	0.00024510204081632653	0.021981230298273157	0	39.717604295172954	1.1085125325628928	0.9973377499842777	0.4273028711257267	328289536.0	0.10035765222054154	15	2.3547880690737832	1.7949381897475885	1.7353866666666666	2.00314	1.6462879025760984	0.0173028	-0.016475381329655647	0.010212470777332783	637	80	80	36	6.950007508057946	0.7622327208518982	3.0	3.0	3.299999952316284	0	33.153137458465416	1.519538491846149	357.5531311035156	1.0363082885742188	152410.0	0.004266317817382518	2467.6207519531163	1373.9698486328125	2.3361848694994887	2654.9568921053456	20381.66796875	20467.625	36268.0	15650.4697265625	24869.028027343753	2944.938232421875	35.996341705322266
sub-04_ses-pre_task-restingstate_acq-seq_bold	0.00033574999999999995	0.0035496621666666664	0	23.239130227615057	1.296178176569039	0.9911426699163179	0.4274916971499451	541019904.0	0.11044251802804012	8	3.3333333333333335	1.7728365737594405	1.6963100000000002	1.9398966666666666	1.6823030546116546	0.0430983	-0.014695166610181332	0.010418261401355267	240	80	80	36	5.41861919959227	2.0	3.0	3.0	3.299999952316284	0	33.335338618669084	1.5560617349530734	473.9783935546875	1.0595417022705078	151504.0	0.00551874476950616	3241.8280151367235	1860.6917724609375	1.9065091593620602	4564.600672274805	27548.48046875	27114.7578125	37344.0	20286.003125	35737.328125	5003.9306640625	83.28365325927734
sub-05_ses-post_task-emomatching_acq-seq_bold	0.0030596296296296296	0.006373643259259259	0	17.927138172164184	1.1195422149253729	1.0013156878358214	0.40446678561042676	246342528.0	0.11663452069122741	10	7.407407407407407	1.7954872034703655	1.7273399999999999	1.9971500000000002	1.6619716104110962	0.0302807	-0.008098951540887356	0.007684001699090004	135	80	80	36	6.606529425310045	2.0	3.0	3.0	3.2998878955841064	0	103.34903179715998	5.215367417554331	722.8576049804688	3.546663761138916	155460.0	0.004280804051086308	3892.283337402342	3392.537353515625	2.229680239376263	7816.079092146931	58049.63671875	57233.6015625	34184.0	46037.8375	72502.5359375	8663.060546875	78.67166137695312
sub-05_ses-post_task-restingstate_acq-mb3_bold	0.00023159055118110236	0.010527489669291339	2	22.221324141435304	1.1504997564511041	1.0045107748580444	0.4036929037349921	757803904.0	0.16082724210600222	184	28.976377952755904	1.9043158854832487	1.8361133333333333	2.16177	1.7150643231164129	0.0293476	-0.008752048946917057	0.006212880369275808	635	80	80	36	9.336290557223206	0.7639936804771423	3.0	3.0	3.2998878955841064	0	72.9181918266274	2.3039987764876515	567.4129638671875	1.5627567768096924	156206.0	0.004633608157746494	3124.80859375	2637.483642578125	6.135115025226355	3999.1920732907083	45565.84375	45966.5703125	33378.0	37599.2412109375	52592.04921874999	4923.35595703125	72.88623046875
sub-05_ses-post_task-restingstate_acq-seq_bold	0.006476958333333333	0.0113735245	0	20.38893536849372	1.1671642076569038	1.051483102677824	0.4054334479817912	102691776.0	0.15497339344301259	53	22.083333333333332	1.8205740766124485	1.7480133333333334	2.0335033333333334	1.6802055631706787	0.0345264	-0.008102331310510635	0.007950630970299244	240	80	80	36	6.659518335834636	2.0	3.0	3.0	3.2998878955841064	6	88.09857802436427	7.7990303352387125	732.666259765625	5.381665229797363	155380.0	0.022986237891018394	3929.2071777343567	3343.4482421875	2.246899221526534	7672.171118605772	57614.6484375	56830.76171875	34153.0	45817.329687499994	71943.40312499998	8533.6396484375	60.1767463684082
sub-05_ses-pre_task-emomatching_acq-seq_bold	0.0008110370370370369	0.0037970801481481482	0	18.94649551134328	1.1886436686567161	0.9952403982835817	0.40223114974384544	283328064.0	0.08669401119979424	6	4.444444444444445	1.8000730708124413	1.7394965284239032	1.9820766666666667	1.6786460173467541	0.0288081	-0.0073182969354093075	0.007583725266158581	135	80	80	36	5.504603335053374	2.0	3.000000238418579	3.0	3.2998082637786865	0	104.93837891124541	1.9631108454081878	299.9059753417969	1.340186357498169	155863.0	0.003881643572822213	1619.7880737304686	1410.3260498046875	1.8006294132963365	3811.954181201487	23674.958984375	23295.8984375	34072.0	17664.78974609375	30816.71474609375	4232.013671875	82.97388458251953
sub-05_ses-pre_task-restingstate_acq-mb3_bold	4.970172684458399e-05	0.022338590737833595	0	46.57253289974845	1.1341611004874212	0.9987589262893072	0.40220960611150114	704698560.0	0.13714194579682523	89	13.971742543171114	1.8334065943437696	1.7825065250057759	2.034403333333333	1.6833099246921999	0.00497956	-0.008574020117521286	0.007038802839815617	637	80	80	36	6.765526047823292	0.7637892961502075	3.000000238418579	3.0	3.2998082637786865	0	63.78496281175377	0.9716749034668033	241.29513549804688	0.6617774367332458	156502.0	0.0030483430833555757	1475.0319152832021	1067.2684326171875	2.606227065415755	2489.9001191445477	18577.748046875	18534.6015625	33165.0	14487.5830078125	23012.239453125	2739.524169921875	36.929222106933594
sub-05_ses-pre_task-restingstate_acq-seq_bold	0.0004601666666666666	0.004577439416666666	0	18.72339938577406	1.120275027991631	0.9801551793305435	0.40008333610318775	479260928.0	0.10315105083699734	3	1.25	1.802773452117748	1.7513431941490814	1.9742733333333333	1.6827038288708296	0.016075	-0.006870164070278406	0.008763691410422325	240	80	80	36	5.531137802995847	2.0	3.000000238418579	3.0	3.2998082637786865	1	109.98698729225069	1.4776004639103215	288.1939697265625	1.0035617351531982	155967.0	0.0011036180076189343	1540.6974243163954	1360.652587890625	1.8248764411398923	3766.3540280063366	23513.001953125	23108.57421875	33783.0	17578.4849609375	30614.2029296875	4177.84423828125	78.63469696044922
sub-06_ses-post_task-emomatching_acq-seq_bold	0.0013187407407407408	0.004253275851851851	0	17.44007734052239	1.1852422802985072	1.0073412063432836	0.40500072167629053	357015296.0	0.12054799240702156	6	4.444444444444445	1.7816351594867392	1.73818	1.9516799999999999	1.6550454784602175	0.0356295	-0.010439107194542885	0.006366162560880184	135	80	80	36	6.510623078967329	2.0	3.0	3.0	3.299999952316284	3	69.37560946749551	5.0009567303595555	672.3804931640625	3.4256327152252197	155155.0	0.009170466754585507	4091.203027343727	3051.288818359375	1.8866002573886353	9857.474665948785	67464.1171875	66560.296875	35232.0	53297.1173828125	83865.023046875	10223.1923828125	91.85787200927734
sub-06_ses-post_task-restingstate_acq-mb3_bold	0.00424818671454219	0.006537370825852783	0	16.218839466960436	1.164786047446044	1.0397614262589925	0.40575907401177524	414189600.0	0.12293712903879844	35	6.283662477558348	1.8205087959859976	1.7714566666666667	2.006866666666667	1.6832030546246595	0.0183515	-0.011127376928925514	0.007192110177129507	557	80	80	36	6.353686225971178	1.9856829643249512	3.0	3.0	3.299999952316284	81	67.37007502775859	4.464910134650558	696.2720336914062	3.011536121368408	155117.0	0.0	4150.109667968748	3044.471923828125	1.8546041627275969	9967.52313218333	68058.4609375	67019.3046875	35228.0	53502.557031250006	85530.08164062502	10547.9482421875	76.04530334472656
sub-06_ses-post_task-restingstate_acq-seq_bold	0.0011310833333333335	0.009715244166666666	0	16.86046258769875	1.0743352913807531	0.9444309571548116	0.40606921169422305	216807376.0	0.1351288154203016	30	12.5	1.808300109088864	1.75911	1.9884933333333334	1.6772969939332585	0.0289137	-0.010957776568830013	0.0073878769762814045	240	80	80	36	6.44532973759627	2.0	3.0	3.0	3.299999952316284	0	68.02538984414086	6.291404533500611	702.5726318359375	4.354763984680176	155074.0	0.040417727641761304	4156.626220703126	3115.3955078125	1.799933805047056	9990.932031273953	67836.7109375	66841.7421875	35277.0	53477.68984375	84659.58593749999	10370.4228515625	64.85649108886719
sub-06_ses-pre_task-emomatching_acq-seq_bold	0.0023900740740740735	0.004046513333333334	0	18.605435876641803	1.196041390298507	1.0050542446268653	0.4061017948934283	293354592.0	0.11236080890156785	13	9.62962962962963	1.8200750425339514	1.7727966666666666	1.9602333333333333	1.7271951276018538	0.0129637	-0.010184705257415771	0.00640270346775651	135	80	80	36	5.451458973425191	2.0	3.0	3.0	3.299881935119629	0	56.85796747440518	2.064704484106442	282.9149169921875	1.4178271293640137	154852.0	0.009396316576749086	1768.0875305175732	1240.89208984375	1.4313949958679588	4402.193471638095	25960.970703125	25505.14453125	35362.0	19294.50244140625	33863.556640625	4678.5244140625	82.84674072265625
sub-06_ses-pre_task-restingstate_acq-mb3_bold	5.116169544740974e-05	0.022551404081632656	0	39.2703134188994	1.1117913042295595	0.9771362830817616	0.4066216019614067	457195104.0	0.08850943841866492	6	0.9419152276295133	1.8998512265978171	1.8596833333333331	2.068443333333333	1.7714270131267853	0.0061343	-0.011914020404219627	0.007053793407976627	637	80	80	36	7.073400247259977	0.7622327208518982	3.0	3.0	3.299881935119629	0	53.632467746041826	1.3161007200798975	232.393798828125	0.9082667827606201	155642.0	0.0033047069911845027	1538.8535278320269	984.0687255859375	1.5861481513863582	2647.933353665921	20032.6015625	19991.453125	34649.0	15746.5859375	24704.078515625	2826.245361328125	37.56390380859375
sub-06_ses-pre_task-restingstate_acq-seq_bold	0.0006738749999999999	0.009500241250000001	0	20.102951468493742	1.0725404788284512	0.9259942361506271	0.4076819770738481	185144400.0	0.15642743586371516	58	24.166666666666668	1.8487803154459697	1.8073366666666668	1.9762199999999999	1.7627842796712423	0.0227647	-0.010958434082567692	0.007773404475301504	240	80	80	36	5.4693857937963255	2.0	3.0	3.0	3.299881935119629	0	56.77702333060957	2.5760854419427286	301.5160827636719	1.7516906261444092	154770.0	0.004760011658072478	1860.8339477539014	1275.4278564453125	1.3511428433773034	4444.236248221068	26439.63671875	25950.76953125	35455.0	19652.2521484375	34494.72617187499	4744.6650390625	61.00935745239258
sub-07_ses-post_task-emomatching_acq-seq_bold	0.0008952713178294573	0.003542637054263566	0	18.242631093203123	1.1511912992968745	1.00693839671875	0.38598259621350206	3571360768.0	0.12947219507841762	22	17.05426356589147	1.9010180894355788	1.8335966666666668	2.0782333333333334	1.791224268306736	0.039531	-0.017430687323212624	0.0075463498942554	129	80	80	36	6.225243453838127	2.0	3.0	3.0	3.299999952316284	1	52.519388079337546	1.5078624019135867	752.2344360351562	1.0187804698944092	159404.0	0.0	4697.9346435546895	3318.268310546875	1.4993809350836154	9133.333519092204	65015.828125	64335.06640625	30878.0	48847.424999999996	82205.21210937499	10334.37890625	96.51300048828125
sub-07_ses-post_task-restingstate_acq-mb3_bold	0.00021029827315541605	0.008795643689167975	0	24.464691165220135	1.2801768730345913	1.0024316064779872	0.38785120767437076	2653815296.0	0.10007124832461436	7	1.098901098901099	2.0190272818334907	1.9036566666666666	2.26281	1.890615178833805	0.0165773	-0.017649207264184952	0.00663695577532053	637	80	80	36	8.767049326954188	0.7639936804771423	3.0	3.0	3.299999952316284	0	54.22858714063934	1.3644633964812025	598.5869750976562	0.9236457347869873	159600.0	0.0018186430213972928	3771.298535156247	2626.382568359375	2.9588807522477945	4815.29509759905	50911.9609375	51571.9296875	30514.0	40051.0390625	59089.781640625	5882.37646484375	78.16459655761719
sub-07_ses-post_task-restingstate_acq-seq_bold	0.00029395833333333335	0.004065199125	0	18.843180025690362	1.1245880719665278	0.9832389048117152	0.3868211913707969	1310690304.0	0.13474824778259573	34	14.166666666666666	1.921042028945991	1.8442633333333334	2.1034566666666668	1.8154060868379722	0.0203039	-0.017510468140244484	0.007627835962921381	240	80	80	36	6.206367105469206	2.0	3.0	3.0	3.299999952316284	0	50.952628927210476	2.487467421262658	756.4829711914062	1.6889004707336426	159283.0	0.0024207622278481725	4804.919189453121	3299.663330078125	1.4880013812770976	9173.305864842694	64809.69140625	64170.9375	30996.0	48417.6875	82061.787109375	10339.3662109375	88.957763671875
sub-07_ses-pre_task-emomatching_acq-seq_bold	0.0002705925925925926	0.0031304621481481484	0	21.401318920447746	1.2307803585820898	0.9947095581343287	0.3870578829796885	2004884352.0	0.12239255267521718	13	9.62962962962963	1.8039968769595631	1.72785	1.9665800000000002	1.7175606308786888	0.0395998	-0.01754443719983101	0.005380197893828154	135	80	80	36	5.513979211143043	2.0	3.0	3.0	3.299999952316284	0	52.24067647367045	0.8100693590247231	335.3267822265625	0.5515863299369812	159295.0	0.0022335707442834975	2081.917724609371	1501.8282470703125	1.8839469897247616	4168.0842107796525	26312.18359375	26042.974609375	30917.0	19004.360546875	33900.210156249996	4723.00537109375	91.28775024414062
sub-07_ses-pre_task-restingstate_acq-mb3_bold	5.667189952904238e-05	0.019723812715855573	0	44.67823587570754	1.1420591204088044	0.9975301129245276	0.38796016160850205	761854592.0	0.11854519348672865	42	6.593406593406593	1.8123174827623965	1.7418833333333332	2.0310266666666665	1.66404244828719	0.00886642	-0.018867388367652893	0.004154959227889776	637	80	80	36	6.849668118437302	0.7622327208518982	3.0	3.0	3.299999952316284	0	49.5689892962778	0.9759769449169046	260.3915710449219	0.6632770895957947	160053.0	0.0019155443646013738	1681.8775146484363	1124.97314453125	2.003231808385128	2561.9916520193824	18978.23828125	19079.5	30155.0	14549.421777343749	23332.498046875	2785.417236328125	37.46543884277344
sub-07_ses-pre_task-restingstate_acq-seq_bold	0.0001381666666666667	0.0033645325833333334	0	21.184516176610856	1.1955664921757327	0.9853966185774061	0.38793964778649925	722099392.0	0.13717963319551962	38	15.833333333333334	1.78916142232852	1.7077099999999998	1.9599833333333334	1.6997909336522266	0.031291	-0.01733611524105072	0.005295637529343367	240	80	80	36	5.579984478521999	2.0	3.0	3.0	3.299999952316284	0	51.825043779025414	1.2919661277856374	336.8851013183594	0.8781537413597107	159253.0	0.004699642676860094	2082.6991210937495	1489.146728515625	1.9712763862024287	4036.0573249387453	25749.4140625	25490.947265625	30933.0	18661.272265625	33108.87734375	4568.208984375	86.93317413330078
sub-08_ses-post_task-emomatching_acq-seq_bold	0.0008707575757575758	0.005148109545454545	0	19.56502431755725	1.1668280011450383	0.9951939609923663	0.43544731157738503	686231168.0	0.1362605342188515	16	12.121212121212121	1.9011148568096925	1.88316	2.0917966666666667	1.7283879037624115	0.0323694	-0.002194194821640849	0.007710214704275131	132	80	80	36	5.947221547066667	2.0	3.0	3.0	3.299999952316284	0	50.19583450733493	3.3903728698809954	768.9883422851562	2.3060030937194824	148356.0	0.005585137638263404	4198.23876953125	3339.548828125	3.486780270778673	8842.731901435272	64834.171875	63533.5625	40582.0	50511.916796875	82204.70078125	10682.7666015625	83.39422607421875
sub-08_ses-post_task-restingstate_acq-mb3_bold	0.0002672056514913658	0.013851312307692307	0	20.73793973572331	1.1294997778301878	0.9997714691823906	0.43848508731517183	370877792.0	0.0857699776218349	11	1.7268445839874411	1.9077667759876877	1.8665133333333335	2.13129	1.7254969946297298	0.0483342	-0.002474307781085372	0.006435866467654705	637	80	80	36	9.693651584347053	0.7639936804771423	3.0	3.0	3.299999952316284	0	56.75566862701131	3.5517518630395983	618.95263671875	2.395620346069336	148752.0	0.0	3418.785241699218	2616.97021484375	5.9648252410981755	4390.022813192041	50279.82421875	50566.85546875	40008.0	42088.530859375	57868.876367187506	5216.4267578125	66.66934204101562
sub-08_ses-post_task-restingstate_acq-seq_bold	0.0006595	0.00746494475	0	20.05061218581589	1.1437236103347281	0.9853322087029293	0.43555766605358076	258804928.0	0.16398861972107487	65	27.083333333333332	1.9193564730511905	1.8994466666666667	2.1136500000000003	1.7449727524869043	0.0720192	-0.0018482949817553163	0.00744216563180089	240	80	80	36	5.940553225276484	2.0	3.0	3.0	3.299999952316284	0	49.62947742980497	5.667789974762767	798.0121459960938	3.8613967895507812	148444.0	0.0063863051822409065	4338.132861328127	3449.889404296875	3.3212492908310036	8891.107590228934	65214.43359375	63890.8984375	40539.0	50708.627734375004	82759.06328125	10754.9091796875	70.56195068359375
sub-08_ses-pre_task-emomatching_acq-seq_bold	0.0003601481481481482	0.00358207562962963	0	20.06453719037313	1.1755757489552239	1.0041532117910448	0.4331470448137708	891695552.0	0.11428849710894395	7	5.185185185185185	1.8473830264446007	1.8100633333333331	2.0244566666666666	1.707629079333803	0.0230529	-0.0005433456972241402	0.0071860430762171745	135	80	80	36	5.102047773958471	2.0	3.0	3.0	3.2998969554901123	0	49.92162322348485	1.180088146318418	325.8074951171875	0.8008837103843689	148494.0	0.0018048237485345452	1711.1120788574303	1476.1746826171875	3.6667884582916788	4105.696193596638	25944.48046875	25379.197265625	40451.0	19115.7998046875	33839.423828125	4974.25439453125	87.17825317382812
sub-08_ses-pre_task-restingstate_acq-mb3_bold	0.0008042700156985871	0.02448564081632653	0	47.776120149717016	1.1338462708805037	1.0123214835691816	0.43690338101544657	296005984.0	0.08444720820563266	8	1.2558869701726845	1.8212662401012356	1.7981333333333334	1.9889433333333333	1.6767220536370409	0.00823297	-0.003965022973716259	0.008977938443422318	637	80	80	36	6.506450268278991	0.7615252137184143	3.0	3.0	3.2998969554901123	1	45.62235722126301	1.5604634311589773	272.0412292480469	1.0637381076812744	149096.0	0.003137973602861166	1646.6917114257812	1135.8260498046875	2.066182905867314	2718.5770328117464	19250.115234375	19323.974609375	39757.0	14551.3474609375	23872.960156250003	2969.9345703125	33.21898651123047
sub-08_ses-pre_task-restingstate_acq-seq_bold	0.0008779583333333332	0.006131179166666667	0	21.96782290092051	1.1678411935983262	0.9889866258577404	0.43462284541797563	127292752.0	0.16765687985519273	68	28.333333333333332	1.8402117827813846	1.8025366666666667	2.0135	1.7045986816774874	0.0196375	-0.0005212901160120964	0.007555634714663029	240	80	80	36	5.213068296449437	2.0	3.0	3.0	3.2998969554901123	0	49.29716473964808	3.0750748727997044	325.19000244140625	2.115892171859741	148386.0	0.010562076233327389	1701.251708984375	1443.75244140625	3.5418162492311236	3887.504636634925	25132.5546875	24608.9765625	40568.0	18626.97744140625	32677.255078125003	4720.57373046875	70.63430786132812
sub-09_ses-post_task-emomatching_acq-seq_bold	0.002472222222222222	0.014095192666666667	0	18.87739617805969	1.1115395092537317	0.96205108619403	0.4536314554332086	228248528.0	0.07503324613063674	0	0.0	1.7829265733066861	1.7927099999999998	1.9677666666666667	1.5883030532533913	0.0100859	0.006541525945067406	-0.0014301241608336568	135	80	80	36	6.719000462706203	2.0	3.0	3.0	3.299999952316284	0	28.139456289251385	5.987790190873827	1198.8792724609375	4.055775165557861	146661.0	0.002511091297492385	8702.421875	4503.60400390625	3.455084547725402	8475.530134391372	65598.671875	65038.890625	41846.0	52038.5380859375	80613.50390625	9679.73046875	62.35418701171875
sub-09_ses-post_task-restingstate_acq-mb3_bold	0.0002866405023547881	0.013870469921507065	0	24.399706849512597	1.1928863193081753	1.0018059472641512	0.45005249376475376	807644800.0	0.15184489188041506	148	23.233908948194664	1.897470412029375	1.90209	2.1316666666666664	1.6586545694214585	0.0548568	0.0069741662591695786	0.00024144358758348972	637	80	80	36	9.07437585994887	0.7639936804771423	3.0	3.0	3.299999952316284	0	28.705848405005735	2.313632487695047	865.1275634765625	1.569013237953186	147779.0	0.004001194331794977	6300.988769531252	3287.360107421875	8.213310971181004	4281.569881766865	48211.58203125	48725.5390625	40732.0	39968.1345703125	55315.1724609375	5369.5087890625	67.33186340332031
sub-09_ses-post_task-restingstate_acq-seq_bold	0.0009473333333333332	0.007141918208333333	0	20.528874560836805	1.2248036128870294	1.006322593138076	0.4522595420962549	201858080.0	0.09076736966793954	3	1.25	1.7716371793249792	1.7787499999999998	1.9566433333333333	1.5795182046416052	0.0184651	0.007171754725277424	-0.0010801482712849975	240	80	80	36	6.669043255636498	2.0	3.0	3.0	3.299999952316284	0	27.87964304772624	6.160305847650478	1187.2694091796875	4.155063152313232	146950.0	0.0	8547.279443359337	4477.189453125	3.5162873524802682	8422.18830730721	64975.78515625	64460.75	41655.0	51495.376171875	79870.72265624999	9665.55078125	79.13739776611328
sub-09_ses-pre_task-emomatching_acq-seq_bold	0.0005087407407407409	0.004831555111111111	0	23.541078553059695	1.2503107482835818	0.9919650594776119	0.452463197389391	282670272.0	0.08110770511195309	1	0.7407407407407407	1.6902658863617244	1.7099900000000001	1.8046533333333334	1.5561543257518395	0.0291909	0.007915990427136421	0.00040413643000647426	135	80	80	36	5.571329846267657	2.0	3.0	3.0	3.299884796142578	0	27.60023461242654	1.9408575733244962	475.53533935546875	1.3225882053375244	146666.0	0.0028462752234190702	3504.2714233398438	1838.448486328125	2.641193987631989	3766.440899230077	23940.859375	23662.724609375	41817.0	17932.061328125	30734.02265625	4247.18017578125	77.883056640625
sub-09_ses-pre_task-restingstate_acq-mb3_bold	7.728414442700157e-05	0.03353890910518054	0	51.863016572610114	1.133319425015724	0.997085790267296	0.45313224457206036	215615712.0	0.12238800435737442	59	9.262166405023548	1.7428664070205724	1.7667599999999999	1.8956633333333333	1.566175887728384	0.00842972	0.007475859485566616	-0.0002781414659693837	637	80	80	36	6.990702560437217	0.7622327208518982	3.0	3.0	3.299884796142578	0	26.69519350604309	1.6846916583984834	377.54071044921875	1.1440924406051636	147557.0	0.0028092214837670323	2777.742285156248	1422.5277099609375	3.850069325913691	2269.134278252656	18029.59765625	18144.568359375	40857.0	14056.282421875	21891.609374999993	2595.496826171875	31.8251953125
sub-09_ses-pre_task-restingstate_acq-seq_bold	0.00016716666666666667	0.004546407791666666	0	24.02406449866108	1.2700111643933054	0.9850825956903765	0.451894371349157	265260032.0	0.08741251449394838	1	0.4166666666666667	1.6840652556867626	1.7054566666666666	1.7927	1.5540391003936211	0.0487129	0.007916104979813099	0.0009404561133123934	240	80	80	36	5.5334437226194035	2.0	3.0	3.0	3.299884796142578	0	28.353604160964192	1.9864659625395147	477.6142272949219	1.3407244682312012	146783.0	0.0	3487.9271728515578	1834.8817138671875	2.639226914600746	3861.3202019457904	24316.6640625	24028.275390625	41772.0	18181.1087890625	31240.68662109375	4342.32080078125	78.87730407714844
sub-10_ses-post_task-emomatching_acq-seq_bold	0.005896791044776118	0.005535831716417911	0	20.55786211699249	1.290476807518797	1.0588525127067665	0.401172587097605	761738048.0	0.1275207073046337	12	8.955223880597014	1.745309843774302	1.6973433333333334	1.9561433333333333	1.5824428646562396	0.0610334	-0.006023157387971878	0.00037530119880102575	134	80	80	36	6.713322046096326	2.0	3.0	3.0	3.300182342529297	1	63.07766053370287	3.188065072603783	865.256103515625	2.1638104915618896	157033.0	0.003963548038154841	5280.66591796875	3836.72802734375	2.684372103124244	8975.175769150135	62927.49609375	62447.0546875	33241.0	49787.1875	77271.34375	9301.8203125	81.17106628417969
sub-10_ses-post_task-restingstate_acq-mb3_bold	0.0005586342229199372	0.017084502919937204	0	24.646180899732702	1.227857347547168	0.9843377860220126	0.4019203941751927	1324833408.0	0.14345611520158552	168	26.373626373626372	1.8664942479354574	1.8148633333333333	2.1177266666666665	1.666892743806372	0.0535458	-0.006709012668579817	-0.0005030748434364796	637	80	80	36	9.423572265053165	0.7639936804771423	3.0	3.0	3.300182342529297	0	45.13347897348289	1.897803130858608	696.3919677734375	1.2977819442749023	157667.0	0.007044510170817375	4481.889941406249	2937.486572265625	5.369294675020283	4437.0954336295945	48502.7734375	48829.890625	32594.0	40320.9025390625	56032.5744140625	5181.595703125	61.27433776855469
sub-10_ses-post_task-restingstate_acq-seq_bold	0.002319541666666667	0.0069382545833333335	0	23.505918662217567	1.2359446525941427	1.002882663933055	0.3995201534236252	639799488.0	0.18221403903186686	91	37.916666666666664	1.788152005451505	1.7309133333333333	2.0094233333333333	1.6241193496878479	0.144806	-0.006617705337703228	0.0010061028879135847	240	80	80	36	6.535317203357115	2.0	3.0	3.0	3.300182342529297	2	53.2789509338086	3.6275633671786163	888.005126953125	2.4563355445861816	157341.0	0.0	5450.9716796875	3831.0322265625	2.5935186056259285	9707.23378019694	66154.75	65560.1484375	33023.0	51983.521093749994	81594.82656249999	10031.5185546875	68.53905487060547
sub-10_ses-pre_task-emomatching_acq-seq_bold	0.0002453333333333333	0.002520334888888889	0	21.350867798432844	1.2217252458208963	0.9995872612686568	0.40349831077286125	1364187904.0	0.14039087642615397	19	14.074074074074074	1.6935308326272664	1.6445233333333331	1.8405566666666668	1.5955124978817992	0.0272204	-0.006743969861418009	0.0037583354860544205	135	80	80	36	5.623758195698835	2.0	3.0	3.0	3.3001747131347656	0	47.48974433245378	0.845543063999242	334.4825439453125	0.5740941762924194	156481.0	0.0009074770496226847	2135.061279296875	1455.3211669921875	2.8540655585738968	3700.1306462951766	22132.57421875	21845.4921875	33352.0	16713.99111328125	28234.185644531248	3884.4423828125	92.52967834472656
sub-10_ses-pre_task-restingstate_acq-mb3_bold	0.00012869496855345914	0.027839965408805033	1	51.31174352458269	1.11496220223622	0.9989614861417334	0.40598390220553277	1547626752.0	0.11119284051560642	27	4.245283018867925	1.7261113105218808	1.7081833333333334	1.8845466666666668	1.5856039315656423	0.0118374	-0.008032313548028469	0.0031386881601065397	636	80	80	36	7.082062231402997	0.7646226286888123	3.0	3.0	3.3001747131347656	1	41.91831419565923	0.5941292647788422	293.328857421875	0.4012575149536133	157057.0	0.00041510126320645215	1909.5643798828032	1218.6053466796875	2.252166520971887	2382.781384930653	17908.501953125	17975.533203125	32836.0	13904.96484375	21828.96728515625	2538.13916015625	31.067298889160156
sub-10_ses-pre_task-restingstate_acq-seq_bold	0.00024533333333333335	0.00308463125	0	20.503656403514647	1.159924783807531	0.9889007802510456	0.40421435849951687	2744067840.0	0.14699149247971985	45	18.75	1.6815601888226552	1.63343	1.8250466666666665	1.5862038998012995	0.0368448	-0.006778877228498459	0.004188972525298595	240	80	80	36	5.682993933737054	2.0	3.0	3.0	3.3001747131347656	0	45.51454627630347	0.5705672411656132	339.0087890625	0.3881723880767822	156465.0	0.0020127057097852233	2182.3608886718703	1453.672119140625	2.862268423878594	3639.658139595642	22009.68359375	21743.982421875	33355.0	16649.764453125	27988.10390625	3826.091796875	85.73562622070312
sub-11_ses-post_task-emomatching_acq-seq_bold	0.004248062015503876	0.0030552401550387595	0	18.195810779609374	1.2459584358593747	1.0465266087500005	0.3990264623459074	935108736.0	0.09056233188699706	6	4.651162790697675	1.8167224323214937	1.7818666666666667	1.99094	1.6773606302978143	0.0222426	-0.009824341163039207	0.0015502885216847062	129	80	80	36	6.835882708151866	2.0	3.0	3.0	3.299999952316284	3	58.613392660898405	3.026322122165286	800.759521484375	2.0618436336517334	156581.0	0.005327511113137007	4280.0859375	3719.405029296875	1.1726931550982007	9861.464950825935	65539.421875	65353.41015625	32799.0	51147.330859375	80477.03671875	9560.201171875	98.62127685546875
sub-11_ses-post_task-restingstate_acq-mb3_bold	0.00042437106918239	0.008688482798742138	1	19.880082141070872	1.1700366074803146	1.0086743644094482	0.4013995984892865	490391328.0	0.08032043286467719	2	0.31446540880503143	1.884021321401599	1.8299733333333332	2.1050299999999997	1.717060630871464	0.0260689	-0.009704649448394775	0.001538784010335803	636	80	80	36	9.70154810085592	0.7639936804771423	3.0	3.0	3.299999952316284	0	59.95224171593204	3.225124475701668	660.9481811523438	2.1794474124908447	156795.0	9.669271530583686e-05	3557.140844726551	2963.17919921875	4.478724859858527	4780.390239900092	52419.86328125	52931.6484375	32592.0	43225.9689453125	59964.40234375	5455.91650390625	77.8369140625
sub-11_ses-post_task-restingstate_acq-seq_bold	0.006730708333333334	0.011544598458333333	0	18.904443166736407	1.1651327129288698	1.0021874472803352	0.3993226358001244	109720416.0	0.12110640779811317	18	7.5	1.8154939474355418	1.7832366666666666	1.9936633333333333	1.669581842306626	0.0290127	-0.010301366448402405	0.0015670186839997768	240	80	80	36	6.85248053719251	2.0	3.0	3.0	3.299999952316284	7	60.32518919445704	8.419911055465233	830.543701171875	5.735918045043945	156933.0	0.00937818475067616	4408.350488281246	3700.27490234375	1.08700629629244	9958.836009809274	66571.796875	66295.390625	32686.0	52002.0380859375	81806.134765625	9674.5078125	58.23149490356445
sub-11_ses-pre_task-emomatching_acq-seq_bold	0.0008545454545454545	0.0028077584848484848	0	20.095590591526715	1.3037826847328238	0.986175041984733	0.3984408298009	710099584.0	0.08688715491869217	0	0.0	1.8228455031480255	1.7939633333333334	1.9453766666666665	1.7291965094440767	0.0431825	-0.00944045651704073	0.0017766766250133514	132	80	80	36	5.6970185143079775	2.0	3.0	3.0	3.300116539001465	0	51.532832220018165	1.4330295877793149	355.75213623046875	0.975841760635376	156640.0	0.003950972692109644	1980.1247680664057	1613.5634765625	0.5764659297711279	5045.214269765739	27895.947265625	27724.03125	32807.0	20509.971875000003	35803.26640625	4866.33642578125	89.91998291015625
sub-11_ses-pre_task-restingstate_acq-mb3_bold	0.00012083202511773937	0.01547532448979592	0	36.61973105149371	1.107129589025157	1.0015899483018857	0.40053587595965895	575889920.0	0.07779826794215763	2	0.3139717425431711	1.876822945221501	1.8768366666666667	2.0216600000000002	1.7319721689978362	0.0126538	-0.01084131933748722	0.0023752404376864433	637	80	80	36	6.811506612262457	0.7629873752593994	3.0	3.0	3.300116539001465	1	47.048889977911806	1.1255345265610353	274.6525573730469	0.7639349102973938	157071.0	0.0021610583644360304	1669.3346557617188	1180.8675537109375	1.2356791147250439	2748.6909425214126	19848.486328125	19862.17578125	32410.0	15103.509326171874	24470.4228515625	2915.928955078125	40.202518463134766
sub-11_ses-pre_task-restingstate_acq-seq_bold	0.0004832916666666666	0.0026191410416666673	0	19.949625434560676	1.323795488953975	0.9875987629707106	0.3988803940470682	330326528.0	0.08147043135375405	2	0.8333333333333334	1.8291897564873814	1.79934	1.95996	1.728269269462144	0.0345386	-0.00901960488408804	0.0013768526259809732	240	80	80	36	5.613955367995222	2.0	3.0	3.0	3.300116539001465	0	52.55687877347938	2.186439159781454	363.4582824707031	1.480003833770752	156625.0	0.0007883848855271937	1975.418774414061	1626.2642822265625	0.6729942703648355	5175.600737331679	28469.53515625	28229.3984375	32842.0	20871.738085937497	36634.5560546875	5028.3564453125	90.57621002197266
sub-12_ses-post_task-emomatching_acq-seq_bold	0.0009038167938931298	0.0032451969465648856	0	18.25392676038461	1.207202757923077	1.0083188905384615	0.3813410762346818	1378337536.0	0.1108496330519595	4	3.053435114503817	1.8748333718200991	1.8064933333333333	2.0894933333333334	1.7285134487936313	0.023977	-0.013144819997251034	0.003842932404950261	131	80	80	36	6.693267825839673	2.0	3.0	3.0	3.300159454345703	0	48.82368076090748	2.8791944974590353	915.6539916992188	1.955951452255249	160925.0	0.003702705912292004	5678.06328125	4056.47802734375	2.1810367871265184	9738.750660170017	73920.5390625	73004.1796875	30147.0	58838.576171875	92492.52109375	10906.9248046875	104.75291442871094
sub-12_ses-post_task-restingstate_acq-mb3_bold	0.00025028257456828883	0.009669627912087912	0	17.30225456284594	1.1209428405817596	1.0020402042452843	0.38435458964082275	4320114688.0	0.08747133812460095	8	1.2558869701726845	1.975111790126525	1.9152666666666667	2.2147099999999997	1.7953587037129082	0.0343635	-0.01342933438718319	0.0034771596547216177	637	80	80	36	10.690585339702602	0.7639936804771423	3.0	3.0	3.300159454345703	1	50.64379529147177	1.2180364464614408	714.6504516601562	0.8268830180168152	161108.0	0.0020513929543085397	4500.944433593747	3158.57470703125	4.980561950673136	4098.899968192668	54222.90625	54476.734375	29942.0	45554.9228515625	61742.473437500004	5095.68212890625	86.04025268554688
sub-12_ses-post_task-restingstate_acq-seq_bold	0.00034725	0.0036150765000000002	0	18.61059798146444	1.1924501281171547	0.9933440832635981	0.3805384420545123	3518134016.0	0.12217709670931441	11	4.583333333333333	1.8830998375723873	1.8194333333333335	2.09515	1.734716179383829	0.0376577	-0.013221348635852337	0.003935208544135094	240	80	80	36	6.815405279554671	2.0	3.0	3.0	3.300159454345703	0	50.018393490608666	1.6941004721527426	884.1880493164062	1.1450223922729492	160999.0	0.00082240560441278	5458.221875000001	3921.805419921875	1.9917104407864183	9682.539186994956	74078.7578125	73144.578125	30075.0	59127.907421875	92443.73125	10732.0634765625	99.81902313232422
sub-12_ses-pre_task-restingstate_acq-mb3_bold	0.00010375786163522014	0.019028978773584906	1	41.09652111628347	1.1146755384724405	0.9997998261574806	0.38703984070250536	384355424.0	0.09173646085159212	13	2.0440251572327046	1.8535779880897796	1.81771	2.0214966666666667	1.7215272976026723	0.0143156	-0.017036857083439827	0.0035818179603666067	636	80	80	36	6.767648625442453	0.7622327208518982	3.0	3.0	3.299999952316284	1	43.313287468352684	1.3976257050985337	293.5946350097656	0.9459570646286011	160721.0	0.0016971068689599633	1866.838623046875	1250.1212158203125	1.207640778042955	2764.5145359257563	19689.140625	19752.728515625	29941.0	14995.705078125	24294.431640625	2918.650146484375	36.461151123046875
sub-12_ses-pre_task-restingstate_acq-seq_bold	0.0001868333333333333	0.003239692625	0	20.470323338786617	1.25663598380753	0.983408055271967	0.38589996423169964	1957982080.0	0.12839118036772734	24	10.0	1.8176291858282896	1.7512866666666669	1.9709066666666668	1.7306942241515346	0.0241284	-0.015329607762396336	0.0038852288853377104	240	80	80	36	5.492658084407741	2.0	3.0	3.0	3.2997798919677734	0	42.120106597448164	0.8689603464763386	382.0723571777344	0.5909382104873657	160091.0	0.0021194047294557095	2419.62109375	1635.9571533203125	2.198989308220913	4396.509197898004	27770.94921875	27251.958984375	30667.0	20853.6248046875	36239.68789062499	4961.44384765625	88.52335357666016
sub-13_ses-post_task-emomatching_acq-seq_bold	0.0009834848484848483	0.0057083449242424245	0	19.180323221908385	1.1736185621374045	0.9703345887786254	0.40966131374263554	1016828544.0	0.09519250188943146	1	0.7575757575757576	1.9856326351408906	1.9388166666666666	2.174793333333333	1.8432879054226716	0.0139769	-0.009431951679289341	0.009585736319422722	132	80	80	36	6.553648384632084	2.0	3.0	3.0	3.299999952316284	1	41.761121369368446	2.934512774356361	869.746826171875	1.9904487133026123	154673.0	0.0	5287.3435546875	3622.0419921875	3.425031874065162	8926.13406764113	68902.265625	67818.96875	34713.0	54685.71484375	85779.63125	10348.1279296875	85.84060668945312
sub-13_ses-post_task-restingstate_acq-mb3_bold	0.0003503610675039247	0.018851903202511774	0	20.563729541132084	1.1241539661635216	0.9745165354874213	0.4131173984411419	302908960.0	0.10635893462292698	14	2.197802197802198	2.045920311922389	2.00467	2.2869333333333333	1.8461576024338346	0.0288357	-0.009798536077141762	0.00857463013380766	637	80	80	36	9.999559279146908	0.7639936804771423	3.0	3.0	3.299999952316284	0	46.17163328960294	3.966330548565633	720.134033203125	2.7002334594726562	154872.0	0.016066191717982292	4462.278198242136	2910.13720703125	5.186307555258875	4416.255027054233	52826.78515625	53155.82421875	34321.0	44000.3359375	60677.83984375	5315.7392578125	64.25586700439453
sub-13_ses-post_task-restingstate_acq-seq_bold	0.0011758333333333334	0.00825369075	0	19.98132036506278	1.1475500969456074	0.9871495019246864	0.4101190850356416	278787008.0	0.13148298368098915	31	12.916666666666666	1.9817011199269794	1.9439733333333333	2.1707966666666665	1.8303333597809381	0.0365403	-0.00943562388420105	0.009474687278270721	240	80	80	36	6.679186646978356	2.0	3.0	3.0	3.299999952316284	0	41.16322527576289	5.51697221306046	889.304443359375	3.7431704998016357	154713.0	0.0	5412.115722656228	3678.482666015625	3.1758621300598096	8776.692397147697	68444.5703125	67315.4375	34687.0	54517.26015625	85105.76406249999	10078.2431640625	74.16858673095703
sub-13_ses-pre_task-emomatching_acq-seq_bold	0.0007504444444444443	0.004934543481481482	0	23.205354064104483	1.2873796536567166	1.0002651960447762	0.414269838598114	323810880.0	0.12553704840815094	13	9.62962962962963	1.8113250588118837	1.73372	1.9756066666666667	1.7246485097689848	0.0211409	-0.009445812553167343	0.011903300881385803	135	80	80	36	5.766675858327677	2.0	3.0	3.0	3.299999952316284	1	35.80214945637353	1.8859361597874462	369.97821044921875	1.2887895107269287	153772.0	0.0051561388419941075	2333.049511718746	1522.4251708984375	2.8396503261261534	3715.476447968947	25413.158203125	24852.134765625	35270.0	19441.56591796875	32579.293164062492	4309.55078125	80.64752960205078
sub-13_ses-pre_task-restingstate_acq-mb3_bold	0.0004641287284144428	0.03351810989010989	0	43.17757485353777	1.1105787601886792	1.0059251847641517	0.4166042538726525	163915280.0	0.11111542330317396	46	7.221350078492936	1.8093124323820213	1.7466100000000002	1.9913999999999998	1.6899272971460646	0.0104195	-0.011109057813882828	0.011620388366281986	637	80	80	36	7.749610241272415	0.7637892961502075	3.0	3.0	3.299999952316284	0	34.160183729947605	2.0344436996593327	298.479248046875	1.3854066133499146	154577.0	0.0042100283317267895	1935.0900634765612	1160.0836181640625	2.4778595451123175	2183.2635214388383	18804.54296875	18855.3359375	34518.0	14877.890332031251	22606.52197265625	2433.03369140625	32.762733459472656
sub-13_ses-pre_task-restingstate_acq-seq_bold	0.0017747499999999999	0.008912217958333333	0	23.668704803096244	1.2904838569456072	0.9844425535983269	0.4142455350740544	65768288.0	0.14154413075304795	39	16.25	1.812485765864828	1.7421366666666664	1.97436	1.7209606309278176	0.0166932	-0.009588791988790035	0.011542489752173424	240	80	80	36	5.74273794792388	2.0	3.0	3.0	3.299999952316284	0	36.539173001182526	4.180747614968238	373.0993957519531	2.8738811016082764	153985.0	0.021327126398682603	2291.7014160156173	1492.9964599609375	2.8198557605687045	3762.079963798301	25523.435546875	24969.9765625	35102.0	19485.77255859375	32726.335058593744	4348.0341796875	68.11538696289062
sub-14_ses-post_task-emomatching_acq-seq_bold	0.0009702962962962962	0.004301781333333333	0	16.735707297164172	1.1599385143283574	0.9927355741791041	0.4209197770897658	754895552.0	0.07516517385257804	3	2.2222222222222223	1.8955750588330769	1.8212966666666668	2.13638	1.729048509832563	0.0217375	-0.009190971963107586	0.006120794452726841	135	80	80	36	6.749659714303167	2.0	3.0	3.0	3.299999952316284	1	42.03859358479914	3.4033614327202595	900.725341796875	2.303223133087158	152455.0	0.003058899031020701	6229.303466796872	3595.8369140625	2.6577805550266183	9061.792170634391	69202.6953125	68404.28125	37068.0	54372.3314453125	85169.93164062501	10134.341796875	94.96376037597656
sub-14_ses-post_task-restingstate_acq-mb3_bold	0.0002774882260596546	0.009056689905808478	0	17.080494413050317	1.088971952452831	1.003211899779874	0.4220117879758983	1297856512.0	0.07395391783411832	1	0.15698587127158556	1.9851915237284246	1.9111833333333335	2.26367	1.780721237851941	0.013968	-0.008693881332874298	0.004883951973170042	637	80	80	36	10.057767842906559	0.7639936804771423	3.0	3.0	3.299999952316284	0	40.297474818010016	2.0754052186633176	698.1028442382812	1.4007103443145752	152822.0	0.00022852724869153464	4937.104907226505	2718.120849609375	4.080128192898949	4379.036499096319	52917.01953125	53443.7109375	36596.0	43607.453125	60539.2333984375	5313.6025390625	84.80375671386719
sub-14_ses-post_task-restingstate_acq-seq_bold	0.000486	0.00321028675	0	16.960376304476988	1.1901065064853558	0.998021883389122	0.421137973304924	2161084672.0	0.06646123305192565	0	0.0	1.9115729377248174	1.8471733333333333	2.1369333333333334	1.7506121465077855	0.0163265	-0.009079065173864365	0.006302275229245424	240	80	80	36	6.669986533261642	2.0	3.0	3.0	3.299999952316284	0	43.78556893894249	1.9002753224327336	900.6343994140625	1.281716227531433	152377.0	0.0	6174.0209960937345	3598.995849609375	2.494214779931215	9232.9284814033	69516.3828125	68717.1328125	37131.0	54397.80078125	85800.62109375	10302.30078125	106.12435913085938
sub-14_ses-pre_task-emomatching_acq-seq_bold	0.00035651851851851844	0.002594309333333333	0	17.300127157537307	1.1702826126865675	0.9907721947761193	0.42161156248477555	898612736.0	0.07030708049432076	0	0.0	1.8366541831159602	1.7702033333333331	2.0316233333333336	1.708135882681214	0.0384065	-0.009602312929928303	0.008531133644282818	135	80	80	36	5.648975209437488	2.0	3.0	3.0	3.2998838424682617	0	36.857641482507496	1.2914832279665307	414.19464111328125	0.8777770400047302	152449.0	0.0020173847675323485	2916.2666503906257	1665.750732421875	2.2260547397409978	4357.903626067698	28000.3359375	27578.6640625	37008.0	20814.4763671875	35838.7396484375	4881.9990234375	99.47711181640625
sub-14_ses-pre_task-restingstate_acq-mb3_bold	3.785826771653543e-05	0.017674620787401576	2	35.608237257429025	1.094352029652997	0.9921497787223962	0.4216186063875115	245300208.0	0.09377559144377193	20	3.1496062992125986	1.88955279195768	1.8254000000000001	2.1073366666666664	1.7359217092063735	0.00729586	-0.010689803399145603	0.007509554270654917	635	80	80	36	7.259545359522675	0.7608333230018616	3.0	3.0	3.2998838424682617	0	35.17938691885165	1.6788100267093946	293.0907897949219	1.1399574279785156	153140.0	0.004346750723198057	2081.343627929684	1134.3284912109375	1.8611905689889428	2504.1571348141033	19171.2421875	19241.875	36210.0	14918.435302734375	23309.25576171875	2650.525390625	41.592445373535156
sub-14_ses-pre_task-restingstate_acq-seq_bold	0.00018208333333333333	0.0026732716666666664	0	17.54733218514645	1.1631498373221765	0.9881795785774058	0.421489550555514	777398144.0	0.08154824517981168	1	0.4166666666666667	1.8328443803716514	1.7591933333333334	2.03161	1.7077298077816205	0.0167645	-0.009628725238144398	0.008829309605062008	240	80	80	36	5.648607787079222	2.0	3.0	3.0	3.2998838424682617	0	37.03156706594039	1.3654917601656749	422.3457946777344	0.9280056953430176	152448.0	0.004192946758121253	2945.4718261718735	1687.879638671875	2.326690914117896	4447.433109254722	28613.33203125	28186.91796875	36927.0	21297.977343749997	36624.925390624994	4989.9970703125	96.64889526367188
sub-15_ses-post_task-emomatching_acq-seq_bold	0.004898740740740741	0.011003511259259259	0	19.54736303932835	1.1566527766417907	1.0225311629104474	0.4204655895367482	134150952.0	0.18524404930399926	40	29.62962962962963	2.0026420984571973	1.9607599999999998	2.214656666666667	1.8325096287049247	0.0687198	-0.011710126884281635	0.011255409568548203	135	80	80	36	6.226394297926237	2.0	3.0	3.0	3.3002500534057617	0	48.21173462294	8.556951396241233	876.96630859375	5.864748954772949	152083.0	0.03510595597326756	5491.393457031241	3555.05908203125	2.3751839859854282	10073.902737068565	73305.609375	72158.390625	37724.0	57063.876367187506	93118.134765625	11588.9599609375	61.79235076904297
sub-15_ses-post_task-restingstate_acq-mb3_bold	0.0009587127158555731	0.030021948037676608	0	18.78699395338051	1.0707163005974847	0.982097700880504	0.4252880677887778	21215838.0	0.14326175420440976	118	18.524332810047095	2.08828985596756	2.0181999999999998	2.4173566666666666	1.8293129012360128	0.06943	-0.011945952661335468	0.011042822152376175	637	80	80	36	9.835101958396834	0.7639936804771423	3.0	3.0	3.3002500534057617	4	53.88422051653257	17.457065047850115	744.2740478515625	11.908111572265625	152218.0	0.04437180887907744	4376.287451171871	2911.111328125	3.231853723349528	5172.054943549334	57103.05859375	57317.3828125	37388.0	47813.206640625	66018.7296875	5827.76025390625	47.23558044433594
sub-15_ses-post_task-restingstate_acq-seq_bold	0.0010028333333333334	0.010665724041666666	0	21.26130819125524	1.1085364213807534	0.9743829277405858	0.42193883621130607	73089416.0	0.24546989883689252	136	56.666666666666664	2.0237063761214578	1.9739366666666667	2.21008	1.8871024616977063	0.100953	-0.01146705076098442	0.011158117093145847	240	80	80	36	6.244965488855793	2.0	3.0	3.0	3.3002500534057617	0	48.44968096076452	11.564007733597894	880.9244995117188	7.7998046875	151800.0	0.0	5342.542041015609	3575.92919921875	2.2864453785937044	9735.849161297083	72001.5546875	70852.875	37842.0	55935.212109375	91352.519921875	11345.44921875	57.63059997558594
sub-15_ses-pre_task-emomatching_acq-seq_bold	0.0033438518518518513	0.003639380148148148	0	17.044559436044782	1.214961479253731	1.0393568071641797	0.4211632242544977	739753856.0	0.11015180679676147	10	7.407407407407407	1.9622128372514538	1.9136	2.11099	1.8620485117543613	0.0814223	-0.010574106127023697	0.00914524495601654	135	80	80	36	5.197981437627887	2.0	3.0	3.0	3.299999952316284	0	49.37768645216792	1.4238229507282312	333.67449951171875	0.9716458916664124	151508.0	0.0032928681350313125	2081.5436889648417	1453.752685546875	2.433401098827906	4669.00830038113	28422.8984375	27840.15234375	38374.0	20833.24765625	37296.519140624994	5355.884765625	88.06927490234375
sub-15_ses-pre_task-restingstate_acq-mb3_bold	0.0004801261829652997	0.02794022160883281	3	37.99342725854659	1.1200617220537126	0.9894856260189573	0.4253564471954538	140456528.0	0.10984710025415388	53	8.3596214511041	1.9872088976891835	1.9600433333333334	2.1744833333333333	1.8271000264008843	0.0352795	-0.013271074742078781	0.012412218376994133	634	80	80	36	7.295712980299795	0.7615252137184143	3.0	3.0	3.299999952316284	0	45.53463916798593	2.363482720282006	287.87640380859375	1.670809268951416	152202.0	0.023729681037366394	1802.015856933592	1172.18994140625	1.2474028722669779	2716.4110436331484	20942.94140625	20967.8828125	37471.0	16319.75048828125	25507.0205078125	2873.962158203125	33.37476348876953
sub-15_ses-pre_task-restingstate_acq-seq_bold	0.0011972916666666666	0.006719947083333333	0	16.692265163891218	1.0824456716736408	0.9613203234728032	0.4214157337502349	115367456.0	0.11594579761985911	15	6.25	1.9655207160780108	1.9176066666666667	2.1088766666666667	1.870078814900699	0.0560715	-0.010445619001984596	0.009179309010505676	240	80	80	36	5.235874990632784	2.0	3.0	3.0	3.299999952316284	1	51.22583085125894	3.6620338737186366	352.77740478515625	2.512662887573242	151609.0	0.0146892910823226	2137.2257812500075	1509.4959716796875	2.4266508173197368	4675.286194150114	28892.6640625	28304.513671875	38194.0	21259.693359375	37992.8392578125	5405.8095703125	68.64208984375
sub-16_ses-post_task-emomatching_acq-seq_bold	0.003484661654135339	0.014147420300751877	0	19.19172967530303	1.0552340836363632	0.9209898906060606	0.4016509134050275	100704840.0	0.13901738248552498	17	12.781954887218046	1.9217668999296997	1.8551666666666666	2.1641166666666667	1.746017366455766	0.0162456	-0.0159764364361763	0.008678710088133812	133	80	80	36	6.277572991159097	2.0	3.0	3.0	3.2998297214508057	0	67.44723533825801	9.698449369148403	808.5922241210938	6.666377067565918	156312.0	0.00926271276548505	5225.52172851561	3367.49365234375	1.3721641657234978	10816.046497191648	71366.65625	70403.0234375	33598.0	54670.0599609375	89575.1421875	11214.83984375	55.32548141479492
sub-16_ses-post_task-restingstate_acq-mb3_bold	0.0011623233908948194	0.016243253265306123	0	19.043143305471677	1.1192690557861626	0.9844599409119501	0.4052781113898785	171749552.0	0.09130396989586863	10	1.5698587127158556	1.9266581872026183	1.84222	2.1991133333333335	1.7386412282745212	0.00853494	-0.016544047743082047	0.008443079888820648	637	80	80	36	9.680257101963399	0.7639936804771423	3.0	3.0	3.2998297214508057	0	66.57964016897799	5.779387991162778	665.6265869140625	3.9117929935455322	156200.0	0.0033633116632699974	4320.372998046859	2710.189453125	3.6492695891999496	5224.177677793672	56549.53125	56816.21875	33534.0	46781.559375	65363.686328125	5869.20068359375	63.515995025634766
sub-16_ses-post_task-restingstate_acq-seq_bold	0.0004964166666666666	0.004441181749999999	0	20.71957139690377	1.2057193584100416	0.9779318850209203	0.400791186539525	382695648.0	0.13035498129640055	28	11.666666666666666	1.876988750042558	1.80738	2.099203333333333	1.7243829167943416	0.0169471	-0.015650972723960876	0.00801969226449728	240	80	80	36	6.285675829254511	2.0	3.0	3.0	3.2998297214508057	0	78.01295202733507	4.942911561659693	798.2410888671875	3.3576951026916504	156301.0	0.0	5171.68603515625	3436.684814453125	1.619706114117995	10681.083363988311	71248.0234375	70326.6015625	33535.0	54726.637500000004	89444.3125	11188.224609375	86.53901672363281
sub-16_ses-pre_task-emomatching_acq-seq_bold	0.002200888888888889	0.011412671777777779	0	18.544687292686568	1.0406130750000002	0.9108335322388061	0.3959765348460908	96954192.0	0.11470174567062044	7	5.185185185185185	1.9897324330812218	1.9332	2.200903333333333	1.8350939659103331	0.0184471	-0.014023678377270699	0.011296765878796577	135	80	80	36	5.231122678182298	2.0	3.0	3.0	3.299999952316284	1	57.177806288978196	4.206380774312963	356.658935546875	2.892390012741089	157167.0	0.019839108735322953	2356.1318847656003	1480.7271728515625	0.716356338751805	5614.721742656661	30882.021484375	30358.357421875	33067.0	21989.872265625	40624.123828125	5803.32373046875	52.808189392089844
sub-16_ses-pre_task-restingstate_acq-mb3_bold	0.00016160063391442155	0.013582717591125198	6	31.504762404333352	1.088301437126984	0.9896373201746035	0.39380495318275116	1451004672.0	0.08000529669599306	1	0.15847860538827258	2.015599301770149	1.9546599999999998	2.2566166666666665	1.8355212386437798	0.0172863	-0.014864083379507065	0.00956321507692337	631	80	80	36	6.646843585497567	0.7615252137184143	3.0	3.0	3.299999952316284	0	55.415818377143026	0.7962278018604851	254.1587677001953	0.5438711643218994	158226.0	0.0035850415006279945	1749.6288452148438	1057.6783447265625	0.6583075093128588	3222.6806092021284	21837.1640625	21938.7109375	32150.0	16344.437402343749	27019.337695312497	3300.569580078125	41.92218017578125
sub-16_ses-pre_task-restingstate_acq-seq_bold	0.000425	0.014536993403361346	2	19.57482238160337	1.074100276793249	0.8817351161181428	0.39399316132076473	160560144.0	0.1123910689171947	11	4.621848739495798	2.0002169787298594	1.93015	2.19511	1.8753909361895784	0.00870388	-0.013488720171153545	0.010867343284189701	238	80	80	36	5.240884792682375	2.0	3.0	3.0	3.299999952316284	0	61.872583548388576	3.4364754407581866	339.8834533691406	2.362760066986084	157510.0	0.010389905562624337	2248.7885864257787	1444.698486328125	0.7851312469273224	5607.203038241916	30989.26171875	30479.94140625	32936.0	22159.001953125	40810.181640625	5815.71240234375	49.1771125793457
sub-17_ses-post_task-emomatching_acq-seq_bold	0.001022093023255814	0.0023081192248062014	0	15.78562210507813	1.2138275193750006	1.0090952497656254	0.4289803909796256	3241595904.0	0.07209622873222032	0	0.0	1.8829177863428652	1.8674833333333334	2.0030033333333335	1.7782666923619286	0.0169178	-0.002009088173508644	0.0012006763136014342	129	80	80	36	5.934924060178461	2.0	3.0	3.0	3.299999952316284	0	62.48998307352541	1.8952262118847925	1032.141845703125	1.2848418951034546	150485.0	0.001563637866638601	6803.003027343746	4369.14208984375	1.3474574579003642	12334.902973071647	77412.7265625	75955.28125	38717.0	59586.5140625	99007.509375	12797.85546875	117.33726501464844
sub-17_ses-post_task-restingstate_acq-mb3_bold	0.0005142072213500785	0.007496615290423862	0	20.9766970099371	1.296541068663523	1.0070410861949688	0.43021562788805473	1249734528.0	0.06987640939885198	2	0.3139717425431711	1.9675082916448812	1.9199833333333334	2.1520566666666667	1.8304848749346427	0.0159379	-0.001791329588741064	0.00015738600632175803	637	80	80	36	9.849860941347366	0.7639936804771423	3.0	3.0	3.299999952316284	2	51.7149364368239	2.307477223200027	784.5628051757812	1.5669691562652588	150944.0	0.0004080651313415739	5189.1582763671895	3287.676025390625	2.947766367157141	5445.041972739136	58551.8125	58755.3984375	38098.0	48765.018359375	67839.766796875	5965.02099609375	90.04300689697266
sub-17_ses-post_task-restingstate_acq-seq_bold	0.0007593750000000001	0.004057253	0	16.734309288368205	1.1663349951882847	0.9681358030543935	0.43022687341698396	853902720.0	0.10017472567054002	9	3.75	1.8904698065940433	1.8716033333333335	2.0113333333333334	1.7884727531154625	0.0257027	-0.0024212226271629333	0.001177315367385745	240	80	80	36	5.963832271231039	2.0	3.0	3.0	3.299999952316284	1	59.77206995579902	3.4693727649182518	1062.37744140625	2.342811346054077	150451.0	0.0	6878.9619140625	4408.3291015625	1.3029388453925321	12173.68735605391	76684.90625	75266.375	38744.0	59084.345898437496	98112.12226562499	12620.30859375	92.83070373535156
sub-17_ses-pre_task-emomatching_acq-seq_bold	0.0004424812030075188	0.002280637744360902	0	19.23659204681819	1.3045634759090905	0.9919836109848484	0.4249908645242193	497137088.0	0.08484575296374396	1	0.7518796992481203	1.8552070012728545	1.8281866666666666	1.92926	1.8081743371518972	0.0231113	-0.001352888299152255	0.002309969160705805	133	80	80	36	5.091552799693388	2.0	3.0	3.0	3.3001132011413574	1	60.43694512106997	1.7973894274452502	401.3876953125	1.2241106033325195	151016.0	0.002548923424910754	2657.0709228515625	1695.791748046875	1.160061498712344	5358.225767440276	29403.39453125	28669.12109375	38247.0	21533.1783203125	39158.333984375	5630.64892578125	101.2934799194336
sub-17_ses-pre_task-restingstate_acq-mb3_bold	8.69182389937107e-05	0.01975831823899371	1	40.319809819181096	1.1715482933228358	0.982450672488188	0.42861587931114625	468980512.0	0.07561407947385147	6	0.9433962264150944	1.926536138968925	1.8726633333333333	2.0586933333333333	1.8482517502401083	0.0106299	-0.0022974899038672447	0.002479668240994215	636	80	80	36	7.328513161219616	0.7615252137184143	3.0	3.0	3.3001132011413574	1	41.11574761340504	1.2309578398323007	300.0027770996094	0.8340491056442261	151502.0	0.0016614020976703616	2040.9551269531212	1192.5157470703125	1.3608248635146767	2575.752053859888	19992.046875	19889.333984375	37591.0	15854.560546875	24523.923828125	2713.9296875	41.283878326416016
sub-17_ses-pre_task-restingstate_acq-seq_bold	0.00020875000000000003	0.0021981749583333335	0	19.55580771225942	1.3215221078661081	0.985193214309624	0.42474791166845133	1866019584.0	0.08265086587172459	1	0.4166666666666667	1.843362563601192	1.8171166666666665	1.9230566666666666	1.7899143574702432	0.036812	-0.0011853835312649608	0.002674554008990526	240	80	80	36	5.0845730778328715	2.0	3.0	3.0	3.3001132011413574	0	64.50410714497204	0.8843618629720966	393.4213562011719	0.5973801016807556	150903.0	0.00040008610521908856	2556.4971923828093	1676.9805908203125	1.2562360285233716	5299.156231004152	29234.193359375	28485.716796875	38305.0	21502.641015625	38929.566406249985	5602.30810546875	101.08651733398438
sub-18_ses-post_task-emomatching_acq-seq_bold	0.0016911278195488723	0.0024744115789473685	2	14.308485984696967	1.1116686684090913	1.0112677749999994	0.3928089618128606	1834375040.0	0.09640571439926915	3	2.255639097744361	1.948130210592485	1.9103766666666668	2.1542533333333336	1.7797606317774546	0.042281	-0.008526894263923168	0.0046737538650631905	133	80	80	36	6.11658332638871	2.0	3.0	3.0	3.299999952316284	3	62.24652440657884	2.330340424185468	734.2112426757812	1.581641674041748	157600.0	0.0019384910818189384	4644.766235351561	3337.808349609375	1.4177123106696898	10879.749165560603	70874.0859375	70268.984375	32964.0	53677.955078125	89546.01406249999	11488.099609375	107.15221405029297
sub-18_ses-post_task-restingstate_acq-mb3_bold	0.0006188069073783359	0.007136367331240189	0	20.677254004937094	1.2063194863050315	1.016686928584906	0.3933370897483983	2167714048.0	0.08751833698609855	17	2.6687598116169546	2.0616947563686	2.009236666666667	2.3293233333333334	1.8465242691057997	0.0772134	-0.008475841954350471	0.0031155094038695097	637	80	80	36	8.433068910379843	0.7639936804771423	3.0	3.0	3.299999952316284	3	63.546064840313036	1.6521833609766101	565.9080810546875	1.12261164188385	158057.0	0.0036613625474274164	3629.9792968749944	2558.230224609375	2.402148004109785	5787.876361523809	53927.0234375	54299.640625	32506.0	42932.421875	63666.630859375	6438.79541015625	76.3853759765625
sub-18_ses-post_task-restingstate_acq-seq_bold	0.0006178333333333333	0.0030111472083333333	0	15.088853816025095	1.1146199050627619	0.991936457656903	0.39121275578352693	2584409088.0	0.10998034197530904	29	12.083333333333334	1.9475744529419396	1.91422	2.16427	1.764233358825819	0.191357	-0.00850419607013464	0.004506903234869242	240	80	80	36	6.104029819783105	2.0	3.0	3.0	3.299999952316284	3	62.21700778408977	1.9827897881726704	732.070068359375	1.3416681289672852	157842.0	0.0009093412663787604	4616.354418945307	3337.043701171875	1.3195504616863971	11267.979560164636	73091.25	72417.8125	32772.0	55087.1650390625	92274.73710937498	11863.75390625	88.72450256347656
sub-18_ses-pre_task-emomatching_acq-seq_bold	0.0002988148148148148	0.0031242053333333333	0	17.069057927089556	1.1280229362686567	0.9830740162686563	0.39540305406311316	1219423616.0	0.10414300962186782	9	6.666666666666667	1.872810860436452	1.84237	2.009933333333333	1.766129247976022	0.0281225	-0.008523618802428246	0.006164287682622671	135	80	80	36	5.570315020195881	2.0	3.0	3.0	3.299877405166626	0	51.42412726056758	1.0641833941583894	289.93817138671875	0.7221001982688904	157014.0	0.0016988436225801706	1854.6100219726563	1277.117431640625	1.0434977190415786	4527.215641138054	26375.263671875	26100.544921875	33415.0	19251.733203125	33985.544531249994	4685.57958984375	89.55525207519531
sub-18_ses-pre_task-restingstate_acq-mb3_bold	0.0004655259026687598	0.018412953846153848	0	40.33955133772018	1.1449794400471693	1.0066939156918242	0.3940481943854148	1853027072.0	0.09299646159850967	14	2.197802197802198	1.9310276750444528	1.8905366666666668	2.1163133333333333	1.7862330251333587	0.04174	-0.009345305152237415	0.005178272724151611	637	80	80	36	7.150183061719731	0.7622327208518982	3.0	3.0	3.299877405166626	0	51.688122632703354	0.6650002974356435	224.82383728027344	0.4506448805332184	157945.0	0.001140802656300366	1512.7669921874976	977.2415771484375	1.0745488817525626	2749.857912626994	20571.791015625	20579.19921875	32562.0	15924.329687500001	25175.621972656245	2878.091796875	40.15612030029297
sub-18_ses-pre_task-restingstate_acq-seq_bold	0.0013073333333333333	0.0032670155416666667	0	17.72366734836821	1.1789390366945598	1.012982984393305	0.3960640687251188	1169891200.0	0.12434634369411861	25	10.416666666666666	1.8600914680126595	1.82751	2.0028266666666665	1.7499377373713116	0.0799789	-0.008603839203715324	0.006290266290307045	240	80	80	36	5.583461246816521	2.0	3.0	3.0	3.299877405166626	10	52.15004930661208	1.053995563142668	288.0225830078125	0.7199144959449768	156954.0	0.0035761349834501745	1846.224298095703	1265.7403564453125	1.1976376492955838	4388.41714340657	25889.751953125	25590.92578125	33450.0	18970.69814453125	33320.8486328125	4583.27587890625	85.8031234741211
sub-19_ses-post_task-emomatching_acq-seq_bold	0.0008434074074074074	0.0037210157777777778	0	20.44677467500001	1.253573600671642	1.0085782893283586	0.4311100799582728	1391085824.0	0.08604985660317092	1	0.7407407407407407	1.9223488974820728	1.8996133333333332	2.0833333333333335	1.7841000257795512	0.025267	-0.01168802659958601	0.006499712821096182	135	80	80	36	6.512554903607532	2.0	3.0	3.0	3.299999952316284	0	49.4132862041404	2.322896150997931	813.956787109375	1.5814995765686035	150487.0	0.006774087063968181	5425.179589843738	3307.751220703125	1.9965246124653122	8779.709724318953	64359.5703125	63441.421875	39066.0	50465.5400390625	80653.041015625	9741.2783203125	97.29383087158203
sub-19_ses-post_task-restingstate_acq-mb3_bold	0.00020342767295597483	0.01218414144654088	1	24.17585842415748	1.2819750006299195	0.9966271315433073	0.4310136485178942	754333120.0	0.07767801591206841	2	0.31446540880503143	2.031357483721369	1.9957466666666666	2.235183333333333	1.8631424511641077	0.02944	-0.011766907759010792	0.005946412682533264	636	80	80	36	10.13434915974213	0.7639936804771423	3.0	3.0	3.299999952316284	1	47.50801880525157	2.4930442814650053	646.1026000976562	1.6908023357391357	151214.0	0.005018000234849751	4237.286206054689	2596.390869140625	4.526957893471102	4157.187663615127	50656.42578125	50986.73046875	38253.0	42202.943750000006	58036.521875000006	5031.01513671875	75.70403289794922
sub-19_ses-post_task-restingstate_acq-seq_bold	0.0003676666666666667	0.009616749041666667	0	20.15377113736402	1.1437589569874478	0.9308979064853564	0.43167235640473484	248073584.0	0.09122458213830718	9	3.75	1.9528814228345774	1.94093	2.1128566666666666	1.804857601837066	0.0219073	-0.011958740651607513	0.007212932221591473	240	80	80	36	6.539370324270727	2.0	3.0	3.0	3.299999952316284	0	47.29284872198436	5.433437963981255	843.2020263671875	3.697061538696289	150646.0	0.012602833798155189	5499.24462890625	3326.472412109375	1.7468999660848201	8808.545179185905	64587.96875	63634.375	38988.0	50633.6806640625	81061.80625	9730.8388671875	68.27708435058594
sub-19_ses-pre_task-emomatching_acq-seq_bold	0.0005682962962962963	0.010120120148148148	0	17.116073053432828	1.0478673691044773	0.9187738144776116	0.42888927336060917	165976032.0	0.0907218643943521	1	0.7407407407407407	1.8143927101808	1.75193	1.9706133333333333	1.7206347972090665	0.00902709	-0.010488729923963547	0.008303134702146053	135	80	80	36	5.676899027104819	2.0	3.0	3.0	3.2998054027557373	0	45.157374442943066	2.898477028378601	375.4548645019531	1.987493872642517	150917.0	0.016028863191604615	2506.46728515625	1511.2208251953125	1.7926618889744406	4328.432563413711	27503.857421875	27030.822265625	38538.0	20644.72783203125	35402.592578125004	4761.4853515625	69.88825225830078
sub-19_ses-pre_task-restingstate_acq-mb3_bold	0.00010166929133858269	0.020189725511811023	2	40.40347564981075	1.1658770210094638	0.9990644605835955	0.42978994548529	899351808.0	0.07615258432238894	3	0.47244094488188976	1.8144059395412058	1.76072	1.9928466666666667	1.6896511519569504	0.0147916	-0.011648327112197876	0.007992219179868698	635	80	80	36	7.5356273207973645	0.7615252137184143	3.0	3.0	3.2998054027557373	0	43.08791798547276	0.8742865452344513	283.3403625488281	0.5963277220726013	151597.0	0.0034248253330588342	2000.4894775390624	1127.5909423828125	1.7912453500832726	2307.9570281423134	19235.814453125	19323.884765625	37887.0	15000.25439453125	23214.587499999998	2564.302734375	41.816165924072266
sub-19_ses-pre_task-restingstate_acq-seq_bold	0.0033927916666666672	0.005422508041666667	0	17.243603594728032	1.1793053602092045	1.000374313933055	0.42641216756515166	303308320.0	0.0926495642909674	3	1.25	1.8459772506082703	1.7756533333333333	1.9956500000000001	1.7666284184914771	0.0212537	-0.010732071474194527	0.0090817641466856	240	80	80	36	5.467086517595206	2.0	3.0	3.0	3.2998054027557373	0	47.199422160688364	2.1562087538952612	366.251220703125	1.4623627662658691	151101.0	0.0017533753998577595	2450.81591796875	1470.626953125	2.065189358494215	4563.414880070746	28186.896484375	27626.029296875	38304.0	20954.73134765625	36656.44531249999	5053.087890625	78.17940521240234
sub-20_ses-post_task-emomatching_acq-seq_bold	0.001227037037037037	0.006314368148148149	0	20.163486637238815	1.1302831684328358	0.9890045329850746	0.4305551357614423	689075776.0	0.12430018861373954	14	10.37037037037037	1.9855659588050483	1.9535833333333334	2.18751	1.8156045430818113	0.0258494	-0.006672459188848734	0.009016365744173527	135	80	80	36	6.014406083986465	2.0	3.0	3.0	3.300123929977417	1	42.69523790188019	3.479661119459868	1001.8877563476562	2.347900390625	150476.0	0.0	6502.497802734375	3988.69873046875	1.5495813904967148	10154.866717594768	66661.8125	65956.703125	38690.0	50277.4529296875	84943.35117187498	10966.3115234375	70.32688903808594
sub-20_ses-post_task-restingstate_acq-mb3_bold	0.0005356514913657771	0.011273306389324961	0	18.9823038321541	1.08936828196541	1.012427624308176	0.43232550331573133	175737904.0	0.10662031832435806	38	5.965463108320251	2.0786470940590274	2.0263166666666668	2.3556033333333333	1.8540212821770816	0.0564962	-0.0062030921690166	0.007712163496762514	637	80	80	36	8.73177547861205	0.7639936804771423	3.0	3.0	3.300123929977417	0	40.07984377976107	5.3415347997034335	771.3030395507812	3.6161587238311768	150870.0	0.0	5071.037548828109	3087.73876953125	2.624940741737869	5363.53939062574	49603.54296875	49950.9765625	38157.0	40244.878125	58151.829687499994	5720.52294921875	63.51022720336914
sub-20_ses-post_task-restingstate_acq-seq_bold	0.006461875000000001	0.011685769958333335	0	19.78211763640167	1.146486325899582	1.0369899362761503	0.42924913028634487	431017056.0	0.15324775750466657	56	23.333333333333332	1.9894723512482273	1.9736900000000002	2.2137	1.781027053744682	0.0196968	-0.0061995587311685085	0.0086062578484416	240	80	80	36	5.997578722461151	2.0	3.0	3.0	3.300123929977417	3	49.05747955646607	4.299602071404758	996.42138671875	2.9000375270843506	150636.0	0.0	6256.734375	4042.497802734375	1.4142885342007538	10259.665266207925	67143.0625	66405.4375	38569.0	50558.22734375	85634.01093749999	11071.8974609375	61.0927734375
sub-20_ses-pre_task-emomatching_acq-seq_bold	0.00043746268656716424	0.0033599623880597018	1	18.2321791687218	1.145735594210526	0.9948540764661652	0.43234090927844027	230847152.0	0.13795029929850078	17	12.686567164179104	1.9091537460686523	1.8620966666666667	2.0601433333333334	1.8052212382059565	0.030201	-0.00526683172211051	0.009103996679186821	134	80	80	36	5.365136804224175	2.0	3.0	3.0	3.299999952316284	0	40.44755770718514	2.546194284261951	409.4159851074219	1.7496782541275024	149601.0	0.005253502633422613	2657.802978515625	1670.838134765625	1.5468099920051186	4685.251771366886	27486.927734375	27065.923828125	39364.0	19953.439355468752	35744.084570312494	5044.7138671875	84.57508850097656
sub-20_ses-pre_task-restingstate_acq-mb3_bold	0.0008362166405023548	0.02165296326530612	0	41.78982259643082	1.128167416808175	1.0108661464622646	0.4322719119855594	233366656.0	0.09573180711344442	18	2.82574568288854	1.9229868772732799	1.8751066666666667	2.11116	1.7826939651531735	0.00771704	-0.006631813012063503	0.008412392809987068	637	80	80	36	6.77691090946411	0.7615252137184143	3.0	3.0	3.299999952316284	3	36.74007603531145	1.7868313579772512	325.1708984375	1.2255823612213135	150764.0	0.006619463162496686	2187.6568969726573	1277.1434326171875	1.0823892091091398	2916.710024211764	20249.515625	20243.388671875	38283.0	15506.7830078125	25028.656640625	2987.072509765625	35.29229736328125
sub-20_ses-pre_task-restingstate_acq-seq_bold	0.005276833333333334	0.005870638916666667	0	19.1097868002092	1.1906234338493724	1.0442077348953975	0.43287546323050896	285659968.0	0.14527539139387585	54	22.5	1.900892937939956	1.8461400000000001	2.06126	1.795278813819868	0.0407119	-0.005310565698891878	0.009365938603878021	240	80	80	36	5.425926688242048	2.0	3.0	3.0	3.299999952316284	7	38.01870784451225	2.1128470358964417	407.6841735839844	1.4412298202514648	149601.0	0.006075033452361822	2622.638427734375	1632.0294189453125	1.5379120009799587	4513.695583016564	26779.3828125	26370.78125	39348.0	19545.0810546875	34760.993359375	4860.08154296875	69.67581176757812
sub-21_ses-post_task-emomatching_acq-seq_bold	0.0016952592592592594	0.012485783185185182	0	20.37698946455224	1.168710553059702	0.9250461844029855	0.4174836707118846	249027472.0	0.09950983582154611	8	5.925925925925926	1.945973839302238	1.8572533333333334	2.21183	1.7688381845733816	0.00759631	-0.012792153283953667	0.009544896893203259	135	80	80	36	5.955715411833645	2.0	3.0	3.0	3.300251007080078	0	67.90706435295645	5.835833732289439	729.6318969726562	3.9362101554870605	152132.0	0.0	4305.17915039062	3172.81005859375	2.0877005382877973	10252.837188021917	70061.734375	68744.421875	37366.0	53970.2939453125	89219.896484375	11542.4423828125	59.49570083618164
sub-21_ses-post_task-restingstate_acq-mb3_bold	0.0006917767295597485	0.0157504704245283	1	22.971301575874023	1.2647963243779523	0.9845235628976383	0.4186794864804409	526768000.0	0.1037398283642099	36	5.660377358490566	2.0264191956545554	1.9128766666666666	2.3299266666666667	1.8364542536303332	0.0316274	-0.012792334891855717	0.009877546690404415	636	80	80	36	9.515363621183976	0.7639936804771423	3.0	3.0	3.300251007080078	0	72.33808129188598	3.044971580655285	550.7937622070312	2.0557446479797363	152544.0	0.0003266838160925552	3232.1382202148457	2363.12060546875	3.041385065510526	5130.504437234224	53285.109375	53643.4140625	36833.0	43860.47109375	61784.056249999994	5637.4814453125	63.76110076904297
sub-21_ses-post_task-restingstate_acq-seq_bold	0.006295833333333333	0.015522351416666665	0	21.37925812016736	1.1676128602928877	0.9924341310460247	0.41722782463064095	45625600.0	0.15176901366804832	44	18.333333333333332	1.9755684309468375	1.8942933333333334	2.22954	1.8028719595071787	0.0231382	-0.013110335916280746	0.010265595279633999	240	80	80	36	5.8685539892019865	2.0	3.0	3.0	3.300251007080078	2	66.25783661024994	13.428791021534654	764.39306640625	9.057581901550293	152471.0	0.0	4372.321044921875	3142.282470703125	1.9475229548523059	10419.682060338042	69914.09375	68538.0234375	37103.0	53750.545703125004	89943.7390625	11678.703125	47.20765686035156
sub-21_ses-pre_task-emomatching_acq-seq_bold	0.004720148148148148	0.0067625137777777775	0	17.190550825223887	1.1372622005223882	0.9677197905223881	0.41816993632346394	191748208.0	0.1028127357555901	3	2.2222222222222223	1.9345123903720252	1.8559133333333333	2.1041933333333334	1.8434305044494093	0.019644	-0.012382473796606064	0.009877979755401611	135	80	80	36	5.160995037598791	2.0	3.0	3.0	3.300124406814575	1	62.64984283967084	2.6017913366837275	290.4436340332031	1.7717753648757935	151595.0	0.008921326976269484	1723.3782714843721	1252.7786865234375	1.9929412049900543	4645.558861386094	27610.703125	26957.599609375	37790.0	20386.0029296875	36616.79667968748	5223.2646484375	70.1379623413086
sub-21_ses-pre_task-restingstate_acq-mb3_bold	0.0002828100470957614	0.023935606279434852	0	44.38444492044029	1.1395189091981128	1.0042002305345903	0.42078301827641384	1522817152.0	0.0846789883155833	9	1.41287284144427	1.989792089843009	1.9273866666666668	2.1907200000000002	1.85126960286236	0.00818249	-0.014051673002541065	0.01206454262137413	637	80	80	36	6.9546763796338995	0.7608333230018616	3.0	3.0	3.300124406814575	0	58.08095962191857	0.6636266053632944	225.1838836669922	0.4485023021697998	151977.0	0.0003728980722371489	1426.9177978515622	935.98095703125	1.550911808901387	2622.585778432154	19783.78125	19631.251953125	37012.0	15638.4623046875	24574.034375	2822.703125	35.89708709716797
sub-21_ses-pre_task-restingstate_acq-seq_bold	0.0008490416666666666	0.009020164249999999	0	17.962343064267767	1.1041155449790803	0.9351407630543935	0.4162232240462954	165247664.0	0.09931535267221059	15	6.25	1.945755391873484	1.87464	2.13298	1.8296461756204518	0.0231714	-0.012325771152973175	0.011650542728602886	240	80	80	36	4.961363903605267	2.0	3.0	3.0	3.300124406814575	0	63.29695981475115	2.767554530173257	278.6132507324219	1.8766515254974365	151778.0	0.004159642895683648	1619.497906494139	1185.4794921875	2.368528944616325	4664.207217415735	27563.525390625	26830.37890625	37542.0	20261.956640625	37008.778906249994	5407.79150390625	60.11274719238281
sub-22_ses-post_task-restingstate_acq-mb3_bold	0.0004267295597484276	0.009154140235849057	1	19.638346968015735	1.084505931275592	0.9994873543307089	0.42571638650601684	679958272.0	0.1771343641276016	254	39.937106918238996	2.0846579667777907	2.028916827910489	2.3683033333333334	1.8567537390895499	0.0270186	-0.012445135973393917	0.011237981729209423	636	80	80	36	8.920155531434496	0.7639936804771423	2.999999761581421	3.0	3.3001091480255127	0	57.445456766859294	2.626459509670199	684.4243774414062	1.7715200185775757	151574.0	0.0	4223.354931640626	2919.739990234375	1.490430222819076	5246.112661788164	50458.34765625	50496.328125	37246.0	41274.3115234375	59531.3017578125	5660.8486328125	70.97388458251953
sub-22_ses-pre_task-restingstate_acq-mb3_bold	0.00011447409733124021	0.03233155306122449	0	51.59252815720124	1.098020294119497	0.9875780249842758	0.4271861318254136	275727072.0	0.15677424651491054	171	26.84458398744113	1.8886136446929906	1.83678	2.099736666666667	1.729324267412305	0.0102381	-0.015124580822885036	0.012874232605099678	637	80	80	36	6.652946011956884	0.7608333230018616	3.0	3.0	3.299999952316284	0	48.12484491120113	1.536753775572172	300.09912109375	1.0577051639556885	151917.0	0.006794534809887409	2014.1552978515579	1194.4251708984375	0.5975598162744955	2705.847502826296	18764.83984375	18757.88671875	37067.0	14164.979199218751	23341.330078125	2819.44775390625	27.70449447631836
sub-23_ses-post_task-emomatching_acq-seq_bold	0.001717851851851852	0.005729813703703704	0	16.048609014776122	1.0549668904477612	0.9440081669402988	0.4010689469848359	830118400.0	0.1493793101907671	26	19.25925925925926	2.09886697906493	2.0553033333333333	2.2963400000000003	1.9449576038614562	0.0157828	-0.012985129840672016	0.007092661689966917	135	80	80	36	5.703882579166308	2.0	3.0	3.0	3.299999952316284	0	58.90576674343718	3.2087034282043554	757.5145874023438	2.196075916290283	156031.0	0.0034116144524887204	4400.563720703125	3388.229248046875	0.946737881488092	11191.31570521359	67694.703125	66452.9765625	34142.0	50813.808398437504	87764.99921874999	11650.310546875	77.04959869384766
sub-23_ses-post_task-restingstate_acq-seq_bold	0.000966875	0.0052646857499999995	0	17.850925505439328	1.1124325171129712	0.9698610679497907	0.3964859202334131	1000838528.0	0.17187506035759287	70	29.166666666666668	2.1478736460136854	2.0986333333333334	2.3414633333333335	2.0035242713743884	0.0206959	-0.012062665075063705	0.007214002311229706	240	80	80	36	5.537575393795929	2.0	3.0	3.0	3.299999952316284	0	62.284536800460955	3.014141078667137	733.2871704101562	2.0446794033050537	156747.0	8.814579923637241e-05	4233.469287109361	3342.53466796875	0.8851888325718078	11511.039452775814	68375.2109375	67210.4765625	33615.0	50485.71171875	89561.32578125	12136.986328125	79.6726303100586
sub-23_ses-pre_task-emomatching_acq-seq_bold	0.00855540740740741	0.006195836518518519	0	22.945609078432835	1.2790394097014925	1.0389288535820895	0.4065488973512964	103755584.0	0.1765533029640435	45	33.333333333333336	2.0085231324665624	1.9488866666666667	2.1449333333333334	1.9317493973996875	0.0147796	-0.014072991907596588	0.00712141627445817	135	80	80	36	5.063038681458842	2.0	3.0	3.0	3.2998483180999756	0	54.35500290861105	3.1892988279671943	325.2391052246094	2.165860176086426	155453.0	0.005731161218136549	1907.6381591796874	1413.7607421875	0.9959252266831302	4532.610344132343	24537.66015625	24063.83203125	34736.0	17524.63037109375	32660.88330078125	4752.775390625	66.08361053466797
sub-23_ses-pre_task-restingstate_acq-mb3_bold	0.00018666666666666666	0.03221798632075471	1	45.458479855685056	1.0852028413228352	0.9636573336220468	0.4080681971443264	284491264.0	0.12938184325139993	66	10.377358490566039	2.0760329543153833	2.08571	2.30138	1.8410088629461496	0.0066739	-0.01680201292037964	0.0074043115600943565	636	80	80	36	6.142337800888284	0.7608333230018616	3.0	3.0	3.2998483180999756	0	46.878403365073545	1.569390660978342	287.7963562011719	1.0628139972686768	156113.0	0.0016757614212110639	1879.5256347656248	1166.064453125	0.4501576605292561	3065.9533387443216	19565.31640625	19515.29296875	33882.0	14367.11298828125	24781.935156249998	3177.1298828125	26.848567962646484
sub-23_ses-pre_task-restingstate_acq-seq_bold	0.0011909583333333334	0.0039326055	0	22.601423439414226	1.2249931404184107	0.9948477492887021	0.3989484851068486	484968608.0	0.19118354460450535	95	39.583333333333336	1.9708773062684342	1.9220366666666668	2.1160666666666668	1.8745285854719682	0.0302346	-0.012347548268735409	0.007908353582024574	240	80	80	36	5.04687342508752	2.0	3.0	3.0	3.2998483180999756	2	59.15677034458977	1.4907469369973985	292.9244689941406	1.0267729759216309	156391.0	0.008272681385278702	1727.9827270507812	1329.3067626953125	1.196128565471902	4487.7066085808465	24390.609375	23881.125	33875.0	17508.0125	32417.600390625	4731.79541015625	77.21380615234375
sub-24_ses-post_task-emomatching_acq-seq_bold	0.0011035555555555555	0.003958809925925926	0	20.595660195298517	1.2419605956716417	1.0075653129104483	0.42116911476965113	1023759424.0	0.08695260420484893	1	0.7407407407407407	1.8172148567237976	1.7640366666666667	1.9770533333333333	1.7105545701713933	0.027511	-0.007919779047369957	0.007038733921945095	135	80	80	36	6.289861470649982	2.0	3.0	3.0	3.299999952316284	1	40.02774195090298	2.9740822617990297	977.8154907226562	2.020094156265259	152385.0	0.006928512174636126	5737.664746093743	4173.01318359375	2.9568574940304932	9598.175645913037	68984.34375	67817.234375	37166.0	54791.5869140625	86760.12890625	10781.8466796875	93.16356658935547
sub-24_ses-post_task-restingstate_acq-mb3_bold	0.0002815698587127159	0.014911951020408163	0	21.443189758883644	1.1232834446540887	0.9942978712421393	0.4267537762516359	178157328.0	0.15634415171232674	153	24.01883830455259	1.8376286949200393	1.7906033333333333	2.0506766666666665	1.6716060847601182	0.0375163	-0.009043416008353233	0.007767213508486748	637	80	80	36	9.830970492228056	0.7639936804771423	3.0	3.0	3.299999952316284	0	38.847338342407596	5.346181499603771	804.725830078125	3.623642921447754	152668.0	0.009066317882388833	4880.79255371093	3248.61669921875	6.24180570122275	4296.430652441417	50830.59375	51024.171875	36922.0	42851.0224609375	58587.81640625	5190.07568359375	66.63935852050781
sub-24_ses-post_task-restingstate_acq-seq_bold	0.00027741666666666664	0.003894799458333333	0	19.72630134510461	1.2175752402928879	0.9811164895815897	0.42124725677836455	1394879232.0	0.07864291868371365	0	0.0	1.816467381985431	1.7641600000000002	1.9727966666666665	1.7124454792896253	0.115551	-0.007944419048726559	0.0071901665069162846	240	80	80	36	6.336438286314789	2.0	3.0	3.0	3.299999952316284	0	40.86247978724279	2.5296854360992924	983.4742431640625	1.7069156169891357	152348.0	0.0	5684.650268554674	4192.0166015625	2.995834204832505	9829.652708692141	70781.0859375	69631.140625	37192.0	56240.511132812506	88796.931640625	10988.85546875	87.47064208984375
sub-24_ses-pre_task-emomatching_acq-seq_bold	0.0017128148148148148	0.004044237925925925	0	21.146536756119396	1.2897102467910446	1.0061412255970148	0.42627837460558327	486391424.0	0.08659893845547481	0	0.0	1.844790354343503	1.7793266666666667	1.9794533333333335	1.7755910630305085	0.0108325	-0.007691523991525173	0.007970849052071571	135	80	80	36	5.345733090120537	2.0	3.0	3.0	3.299999713897705	0	35.70662367546828	1.7217645234199022	435.8272705078125	1.1684046983718872	151293.0	0.0018630065489560368	2701.785498046873	1807.6708984375	2.231286593701043	4584.58829300378	28051.31640625	27495.5234375	38051.0	20791.4892578125	36527.51171875	5143.384765625	84.92742919921875
sub-24_ses-pre_task-restingstate_acq-mb3_bold	0.00019337519623233908	0.022410109262166404	0	39.688590631525166	1.1209800007389945	0.9985216913836489	0.4282334077503111	266361600.0	0.12245445076218978	67	10.518053375196232	1.8319658081973902	1.7798466666666668	1.9643899999999999	1.751660757925504	0.00734917	-0.009753416292369366	0.00864638015627861	637	80	80	36	7.266654259767098	0.7615252137184143	3.0	3.0	3.299999713897705	0	34.79999149054381	1.6629388078985181	334.4570007324219	1.1284124851226807	152022.0	0.004146871156990528	2156.5239990234254	1344.036865234375	1.992599065524172	2575.801280886674	20238.08203125	20189.7734375	37321.0	15998.00390625	24708.958984375	2778.376708984375	38.451351165771484
sub-24_ses-pre_task-restingstate_acq-seq_bold	0.0005750833333333333	0.004475501083333333	0	21.28765657656904	1.2348805667364013	0.9776858216317985	0.4265130889786192	267863488.0	0.10173398387526443	8	3.3333333333333335	1.8469480312181943	1.7799266666666667	1.9816233333333333	1.779294093654583	0.0140731	-0.007578576449304819	0.007824631407856941	240	80	80	36	5.348290973600078	2.0	3.0	3.0	3.299999713897705	0	35.20727494631594	2.2538489934917862	437.7998352050781	1.5240768194198608	151362.0	0.0013969251420348884	2726.7422729492046	1789.069580078125	2.2002067835618586	4551.95077424445	27705.384765625	27156.67578125	37978.0	20549.93603515625	36090.437109375	5077.5693359375	79.63929748535156
