bids_name	cjv	cnr	efc	fber	fwhm_avg	fwhm_x	fwhm_y	fwhm_z	icvs_csf	icvs_gm	icvs_wm	inu_med	inu_range	qi_1	qi_2	rpve_csf	rpve_gm	rpve_wm	size_x	size_y	size_z	snr_csf	snr_gm	snr_total	snr_wm	snrd_csf	snrd_gm	snrd_total	snrd_wm	spacing_x	spacing_y	spacing_z	summary_bg_k	summary_bg_mad	summary_bg_mean	summary_bg_median	summary_bg_n	summary_bg_p05	summary_bg_p95	summary_bg_stdv	summary_csf_k	summary_csf_mad	summary_csf_mean	summary_csf_median	summary_csf_n	summary_csf_p05	summary_csf_p95	summary_csf_stdv	summary_gm_k	summary_gm_mad	summary_gm_mean	summary_gm_median	summary_gm_n	summary_gm_p05	summary_gm_p95	summary_gm_stdv	summary_wm_k	summary_wm_mad	summary_wm_mean	summary_wm_median	summary_wm_n	summary_wm_p05	summary_wm_p95	summary_wm_stdv	tpm_overlap_csf	tpm_overlap_gm	tpm_overlap_wm	wm2max
sub-01_ses-post_T1w	0.3221929054827429	3.953169851685515	0.689245462804147	8281.8017578125	3.74018	3.72711	3.93551	3.55792	0.22877405946124468	0.4101970588127067	0.36102888172604863	2.108505964279175	0.4699524283409118	0.0	5.10299421009478e-05	30.125313529376534	17.256131981165247	25.05903706382353	240	240	220	2.5654867327062854	8.978237830220213	11.210390580066568	22.08744717727321	27.717302649952206	53.3006784681081	54.04335439496678	81.11208206684005	1.0	1.0	1.0	498.33412662499586	8.076864045595896	8.909826278686523	5.4477620124816895	464632.0	0.0	24.997216606140114	10.793364524841309	16.07536412201066	136.0655154589771	321.7662353515625	341.7134094238281	6956.0	117.01382446289062	488.1388397216797	133.18675231933594	0.2724229173731194	70.77081880140415	660.2784423828125	657.11865234375	18848.0	545.8537384033203	788.4247497558595	73.18821716308594	1.382887677567222	39.70060170372743	997.0560913085938	999.9921875	174368.0	917.6520294189454	1064.5969482421874	45.27410125732422	0.16189183294773102	0.432613343000412	0.48867514729499817	0.6678730584636257
sub-01_ses-pre_T1w	0.3905261972348941	3.3917334283061247	0.7529504214860538	696.76416015625	3.2645199999999996	3.27798	3.40915	3.10643	0.1947766990005985	0.4285861394295129	0.3766371615698886	0.49796366691589355	0.13508390784263613	0.0	0.0001434687526882703	33.99506875654889	16.822212164027956	23.728019677326472	240	240	220	2.4494041009917322	7.292374748330804	8.716598614112327	16.408016993014446	15.12480755307166	27.93401230108869	29.009998053087738	43.971174305102856	1.0	1.0	1.0	4.776000489113225	14.898990336806984	20.02643394470215	20.12179183959961	205879.0	0.0	50.47090377807617	16.130096435546875	14.368940566104722	126.79375427368976	317.5382080078125	343.965576171875	5002.0	92.18947410583496	494.18916778564454	140.4142303466797	0.04373660815357816	86.28149481856548	637.11767578125	635.2701416015625	13374.0	495.76103057861326	784.017446899414	87.11104583740234	0.9166671409568479	56.148943992138456	998.560791015625	999.9843139648438	175077.0	897.0726440429687	1095.03583984375	60.94468688964844	0.15760160982608795	0.4336153566837311	0.4850795865058899	0.5826269201506933
sub-02_ses-post_T1w	0.2987510444207784	4.1623669633625475	0.6898779629268444	9643.216796875	3.7240167386084835	3.6713	3.8798	3.6209502158254514	0.2100650116884944	0.42806415683722615	0.36187083147427945	2.3724281787872314	0.5722236633300781	0.0	0.00011058383790233182	30.331190726572824	15.97606043265448	23.40372042240052	240	240	220	1.4684279092411008	8.461013687647323	10.3545436275869	21.134189285872274	45.16593952297586	99.48920219917173	100.78403913103394	157.69697567095426	1.0	1.0	0.9999999403953552	247.65799579039447	4.154307333947301	7.100602626800537	4.936855316162109	398086.0	0.0	20.896750926971436	8.08692741394043	99.52178440757947	132.46988383655489	298.4590759277344	286.40325927734375	9573.0	115.25962371826172	453.2906738281249	195.03054809570312	0.4786453729715894	69.02959371055425	634.3137817382812	630.8743286132812	23501.0	517.1508178710938	763.7891845703125	74.5609130859375	1.3438884683986956	41.2403941445289	996.0631713867188	999.9776000976562	177229.0	911.3259033203126	1065.514892578125	47.31550216674805	0.17531003057956696	0.45327889919281006	0.5114844441413879	0.7019129726882096
sub-02_ses-pre_T1w	0.34200790967770145	3.8665893132467115	0.767401774389117	836.4574584960938	3.3076600633579534	3.28627	3.4478	3.1889101900738592	0.17682761531340332	0.45203716130036736	0.37113522338622934	2.0616345405578613	0.5131676912307741	0.0	0.00018204785312443043	34.65547231835339	15.446319979861201	22.61309911549208	240	240	220	0.8174155099626484	6.7526867048287516	7.708948786097512	15.556744143501136	14.836232605356038	31.924139025531336	33.89297663696537	54.918558280008746	1.0	1.0	0.9999999403953552	142.67970959834602	11.929077547337185	16.515827178955078	16.101945877075195	108765.0	0.0	40.56486968994139	13.561236381530762	38.140932383385284	160.95330664292572	308.91717529296875	270.1461486816406	3460.0	65.78709983825686	515.2850372314452	330.4403991699219	0.09816940419971898	83.78634514376299	582.8021850585938	581.2919921875	19390.0	442.0958847045898	726.2118927001952	86.08084869384766	0.7481429137855073	59.41059648016433	996.4434204101562	999.98681640625	173458.0	883.8902160644532	1094.9515441894532	64.27976989746094	0.16143980622291565	0.4505988657474518	0.5024863481521606	0.6662536557963958
sub-03_ses-post_T1w	0.2872407616853048	4.21182230807477	0.6956181057199478	4202.22705078125	3.7964698567418425	3.76885	4.01535	3.6052095702255285	0.23289402070641302	0.41596852117801886	0.35113745811556807	2.5527472496032715	0.5970008373260498	0.0	8.865309052348277e-05	27.975853666677793	16.096507123460444	23.914522116356753	240	240	220	2.754257028663852	8.104174804349931	11.061011673412287	22.324603187223076	28.589717990520203	60.282057872225614	61.852885484861105	96.68688059183751	1.0	1.0	1.0000001192092896	154.82690284953557	6.775825371155419	7.601419925689697	4.69614315032959	375589.0	0.0	21.60796966552734	8.183025360107422	0.7187510809069915	120.94297735476287	290.8760681152344	295.6925354003906	12659.0	119.73144683837893	448.7709991455077	107.3541259765625	0.6306637374379545	69.38087922155515	628.484619140625	623.4743041992188	18699.0	509.28082885742185	764.4987365722657	76.93042755126953	1.5765420680593554	38.7713510822776	996.7337646484375	999.9954833984375	172023.0	917.851495361328	1062.7769653320313	44.793296813964844	0.1592731773853302	0.4433155059814453	0.501339852809906	0.7336074210888027
sub-03_ses-pre_T1w	0.35916793375143763	3.6508964751822393	0.7590125199287853	149.31141662597656	3.276973398121997	3.26092019436599	3.45718	3.11282	0.2120380773829617	0.42731633356411386	0.36064558905292443	2.0095772743225098	0.4450692653656003	0.0	6.96436082492737e-05	30.09066395501854	15.859382069965488	23.682311662747278	240	240	220	2.236812146950085	6.775491980433889	8.64727667859146	16.929525908390406	16.075229501651435	34.80671633954084	36.12698368311199	57.49900520814369	0.9999999403953552	1.0	1.0	90.85481759679774	11.39368131600865	17.716306686401367	15.319483757019043	124824.0	0.0	39.30119800567626	14.650189399719238	10.720881212207548	135.68077095320737	273.9163513183594	279.5693359375	6349.0	78.9980484008789	455.24481201171875	124.97576904296875	0.097593527591465	87.62021657275078	608.0438842773438	605.33447265625	11549.0	463.82073974609375	758.2796630859375	89.33790588378906	0.8555209145128226	54.12493496984141	997.9252319335938	999.983154296875	165865.0	897.7188232421875	1090.06650390625	59.06722640991211	0.16035327315330505	0.4341438114643097	0.4947245717048645	0.6812118425469769
sub-04_ses-post_T1w	0.3179078415506843	3.7700039115920574	0.7199387082346461	1912.6002197265625	3.7534130430957027	3.7010495588005115	3.95617	3.603019570486597	0.22321831473902023	0.41771151644192406	0.3590701688190557	2.3871994018554688	0.6703786492347712	0.0	6.67121225994375e-05	25.06931833608842	13.990269600317362	20.55645800769459	240	240	220	2.1334615758561766	7.242587924890368	10.239816562141447	21.343400185677798	25.786246875287567	54.92562728698769	56.10783472598957	87.61163001569345	1.0000001192092896	1.0	1.0000001192092896	253.17155450019942	7.477674587172199	8.980286598205566	5.467653751373291	385754.0	0.0	24.596048736572264	10.269683837890625	31.147482801474553	128.54122323374602	296.43121337890625	294.3221740722656	10075.0	110.4332374572754	476.3455780029295	137.94837951660156	0.3750497459049056	79.2251081976641	635.1148681640625	626.916748046875	21716.0	504.39440155029297	793.4369049072266	86.55777740478516	1.608526077800625	39.37849949445187	995.4818115234375	999.9921875	209784.0	909.255581665039	1062.6637451171875	46.852413177490234	0.16351155936717987	0.4402669668197632	0.4894585907459259	0.7467540115680585
sub-04_ses-pre_T1w	0.4454821047876123	2.850716364649431	0.7958953012094566	147.0914306640625	3.3782997301912627	3.34494	3.5800795732212576	3.2098796173525312	0.2025277390085605	0.43182859695780307	0.3656436640336364	0.6606171131134033	0.3051359266042709	0.0	0.00026306214670180413	27.171362223077487	13.792532897641967	20.267834477388885	240	240	220	2.223424229917131	5.866961321240998	7.751225612243007	15.163291285570889	12.870492312889693	24.01291338972181	24.898348665796078	37.81164029477673	1.0	1.0000001192092896	1.0000001192092896	23.521607364209746	17.326450021938985	23.039087295532227	23.483928680419922	89155.0	0.0	57.87539329528809	17.952823638916016	0.6049999379192883	170.94519407667912	325.8516540527344	340.3870544433594	5321.0	82.74713897705078	556.3025512695312	153.0769805908203	0.22728098464661928	102.1648121892306	644.7515869140625	635.0716552734375	17653.0	479.7904235839844	842.4133422851561	108.24234771728516	0.6867752847704471	60.40771524516148	998.806396484375	1000.0078125	204123.0	887.7548461914063	1104.8480224609375	65.9490966796875	0.1582777500152588	0.4496529698371887	0.48722705245018005	0.5825774652748704
sub-05_ses-post_T1w	0.3408437697953223	3.5286362646793514	0.6883961423399038	7567.0537109375	3.8618265218170653	3.80905	4.13117	3.645259565451197	0.22783620643551794	0.3941568448614623	0.37800694870301976	2.0488550662994385	0.49726890921592704	0.0	3.810699584975745e-05	27.097898840739717	15.738890385811525	21.50630734531905	240	240	220	2.4532485442651426	7.674304759142313	11.058354786900702	23.04751105729465	26.780387556969146	54.56243907005579	54.72272269329712	82.82534145286644	1.0	1.0	1.0000001192092896	61.78785164740607	7.909774090102064	8.234822273254395	5.335061550140381	542573.0	0.0	27.07406005859375	10.05447006225586	8.932547577057557	135.31996127939533	317.18402099609375	323.3323974609375	11020.0	116.55215568542482	494.6621185302734	131.7916717529297	0.6616507729230547	76.5123732546489	666.5150756835938	658.7583618164062	15764.0	537.5606750488282	822.8123931884764	85.83676147460938	1.0113637962008344	39.79425974182272	998.7805786132812	999.9898681640625	213939.0	926.3906555175781	1066.5829711914062	43.388092041015625	0.16893935203552246	0.4391021132469177	0.5118230581283569	0.7408019602444208
sub-05_ses-pre_T1w	0.42087874490836497	3.0874983426875993	0.7715834733736894	266.3853759765625	3.4197434650687453	3.3979502025336146	3.62877	3.232510192672622	0.20762905422066083	0.4029163855546422	0.389454560224697	0.6722040176391602	0.2477356076240539	0.0	0.00012457900124202855	29.205383607593173	15.57930200285517	20.995244820935447	240	240	220	2.655130221030021	6.593516914046094	8.82671827476108	17.231507689207124	14.78441158788674	25.88847487936307	26.957079860416602	40.19835311399999	0.9999999403953552	1.0	0.9999999403953552	61.41283186805097	16.29761138335141	23.7022705078125	21.960514068603516	143238.0	0.0	55.19275207519531	19.65330696105957	1.6339981553694631	125.45055322203035	337.4717102050781	367.78692626953125	5779.0	97.7421058654785	512.9284667968747	138.5073699951172	0.05951964378247343	95.6537687244464	649.1572875976562	644.01904296875	11692.0	497.81615753173827	821.285263061523	97.67041015625	0.8944894587960999	54.1715377617439	998.8564453125	1000.0011596679688	211633.0	901.8418090820312	1090.722705078125	58.03315734863281	0.16243213415145874	0.44119828939437866	0.510537326335907	0.5365906304545465
sub-06_ses-post_T1w	0.32503101729285827	3.7098528357546274	0.6808700500839647	35725.05859375	3.81068	3.75171	3.98391	3.69642	0.2345629343085373	0.39603494384874477	0.3694021218427179	2.409914016723633	0.572785043716431	0.010526357964283103	5.495421378047326e-05	24.62047374107985	14.639060428022544	20.479281671441548	240	240	220	2.546778790567232	7.818433446211776	10.866902395507424	22.235494949743263	54.3634360558793	121.12790329772555	120.7733832411375	186.82881036980766	1.0	1.0	1.0	41.95075215064124	3.5065500887774723	6.102736473083496	2.3651320934295654	554037.0	0.0	23.2325702667236	9.319064140319824	5.845435188235076	126.28354419321556	286.86492919921875	290.9747009277344	13303.0	111.31172027587891	449.40590820312497	114.24775695800781	0.6123395318732192	74.60781216499512	654.5896606445312	648.3246459960938	20511.0	528.6666870117188	803.4948120117188	82.9205551147461	1.3940469405182094	39.691733599637246	999.0418701171875	999.9819946289062	216582.0	923.8943023681641	1069.9383300781249	44.972225189208984	0.17045609652996063	0.4402261972427368	0.5113691687583923	0.7670022466641289
sub-06_ses-pre_T1w	0.4074778388731814	3.1158380767967784	0.777454434787078	301.4518737792969	3.4062434693406107	3.37326	3.550950211653126	3.294520196368706	0.20354840085470682	0.41793241551713983	0.37851918362815334	0.7736176252365112	0.3066424190998077	0.0	0.00019672907748038805	27.6202183330293	14.408545772938924	20.3120836791761	240	240	220	2.4438218176950603	6.377486601236605	8.687528703760456	17.241277692349705	13.411505621224203	26.31653259313183	27.026072722491687	41.350179953119024	1.0	0.9999999403953552	0.9999999403953552	1.3767973838615655	15.84355229422502	22.336395263671875	21.364330291748047	98003.0	0.0	53.80568771362305	17.120405197143555	3.034162060619013	138.82288501773192	303.2113037109375	324.3384094238281	7047.0	85.51604156494142	490.24993591308595	132.70828247070312	0.1524928746567582	94.79179805596647	642.687255859375	636.4283447265625	15371.0	487.3436737060547	819.9842224121094	99.78972625732422	0.8862285081910257	53.35395285914392	998.7216796875	999.9959716796875	209057.0	901.5063110351562	1090.086767578125	57.999969482421875	0.16782915592193604	0.4490180015563965	0.5104630589485168	0.5773724325005571
sub-07_ses-post_T1w	0.3269722425302794	3.5764310038242355	0.6988694543781712	9757.65625	3.5253333333333337	3.48843	3.66973	3.41784	0.2108032337683559	0.421862582124597	0.3673341841070471	1.888720154762268	0.46696344614028895	8.698245439634176e-06	4.8934212776292777e-05	29.833177214379386	15.941104999254945	22.810115864205127	240	240	220	1.3650063283069345	7.199657379592242	10.832083753453697	23.931587552461917	24.02301509807855	58.238096501443394	57.51814651175227	90.29332793573488	1.0	1.0	1.0	146.79485989798752	7.255592347489671	7.234607219696045	4.89382266998291	456393.0	0.0	22.939413452148436	9.068390846252441	38.82002226764093	143.1105680999061	291.7010192871094	266.0533142089844	10099.0	103.67944793701172	508.2064758300782	194.90029907226562	0.5036737333062806	80.12757352512725	653.4903564453125	644.9830932617188	16145.0	518.111962890625	817.0979736328125	89.58247375488281	1.6345891645931294	35.95070579102217	998.3055419921875	999.99267578125	184356.0	927.1061859130859	1062.1772155761719	41.78535842895508	0.17404910922050476	0.4552883207798004	0.5105468034744263	0.703132851859457
sub-07_ses-pre_T1w	0.38848425946044934	3.3325878704012024	0.7807674522633018	458.67529296875	3.23962	3.20848	3.36767	3.14271	0.19875008783425588	0.42618001862538046	0.3750698935403637	1.9455980062484741	0.5042171478271484	0.0	8.434474450608217e-05	32.18528916913415	16.221367086378216	23.02245822744136	240	240	220	2.2998487283428117	6.811125280176735	9.030929677564535	17.981815024174054	17.593049743428068	35.06544532005502	35.953940438989505	55.203326253485436	1.0	1.0	1.0	52.41905810493027	11.867565679608973	17.199411392211914	15.991053581237793	126327.0	0.0	40.34666900634765	13.888978958129883	2.6889548218004915	154.951081961673	306.0696716308594	318.6919250488281	5182.0	90.21505737304688	510.45012054443356	138.5574493408203	0.005753737872024711	91.2175901441907	637.944091796875	635.1982421875	10200.0	488.2565567016602	801.1186950683593	93.25435638427734	1.0581705457466128	50.49783515152777	998.574951171875	999.9888916015625	179046.0	905.3789978027344	1085.8420715332031	55.610965728759766	0.16658174991607666	0.44362103939056396	0.5042548775672913	0.6769782752818253
sub-08_ses-post_T1w	0.3513707574430913	3.330419074312226	0.7278271041504539	6334.890625	3.8428067466016653	3.80958	4.023260239804997	3.69558	0.21056651861317582	0.4100202520582981	0.37941322932852606	2.3241019248962402	0.749406409263611	0.0	6.523830645723847e-05	24.0851943707574	13.06240355281589	17.73095987090197	240	240	220	2.219986956183934	6.919701445615959	10.06258596199414	21.048069484182523	20.117668147601194	48.26175839505758	47.5940747589631	74.40279773423053	1.0	0.9999999403953552	1.0	5.326760354697305	8.805257835777706	9.040781021118164	5.939056396484375	504008.0	0.0	27.050412082672118	9.230756759643555	2.1438492807457257	133.76241000769897	284.68353271484375	270.38836669921875	16536.0	114.59983444213867	487.25440216064453	121.79359436035156	0.9537893560366193	81.25635648860619	659.9578857421875	648.6546020507812	26014.0	527.2106048583985	838.7094970703124	93.73845672607422	1.2064684584812637	42.195841869388	997.2791137695312	999.9991455078125	256794.0	914.1096710205079	1069.1552673339843	47.510162353515625	0.18118350207805634	0.45116153359413147	0.5144500732421875	0.7319414013610384
sub-08_ses-pre_T1w	0.4025573321681853	3.271624503378806	0.7835663248489371	301.8617248535156	3.360253333333333	3.36944	3.49181	3.21951	0.18802574594471835	0.42032130907025356	0.3916529449850281	1.5240559577941895	0.5384387493133547	0.0	0.00012828017750985232	26.963852216135724	13.097362542865232	17.7019311727176	240	240	220	1.948346843407922	6.281671036019106	7.930502491679853	15.56148959561253	13.383835739674149	28.970869753666484	29.833243163759818	47.14502399793882	1.0	1.0	1.0	1.5541657242085138	13.896102779608317	18.333078384399414	18.761857986450195	158525.0	0.0	46.8526268005371	13.606266021728516	1.554651755767119	177.20200347573507	284.42266845703125	283.8846435546875	7077.0	67.91280670166016	497.5438415527344	145.69509887695312	0.2273254921834158	95.82113156643408	620.3604125976562	614.5013427734375	18051.0	469.7460632324219	789.19873046875	97.82179260253906	0.800886792269925	59.36155043509414	997.8206787109375	999.9934692382812	247159.0	888.9924682617188	1098.0457885742187	64.26065063476562	0.16911189258098602	0.4466361403465271	0.5096856355667114	0.6613969350282486
sub-09_ses-post_T1w	0.3221857561737856	3.7771409244867455	0.750755522448449	5185.19287109375	3.931433333333333	3.96725	4.02978	3.79727	0.2169225938130237	0.4314665589459775	0.35161084724099884	2.5192532539367676	1.0474472284317016	0.0	4.051461155174737e-05	22.004349213809455	11.908095853436608	17.649717157520747	240	240	220	2.429482109023505	7.654705974779815	9.39083307538838	18.08831114236182	16.945879700388087	38.06031594612251	38.64178632324249	60.91916332321689	1.0	1.0	1.0	374.22617328865186	10.754297656528886	10.324241638183594	7.253663539886475	471924.0	0.0	29.380612659454346	12.301576614379883	-0.2320714697109989	133.7178206373884	288.9675598144531	278.17266845703125	14703.0	124.45714569091797	474.93955383300784	114.49485778808594	1.0241092054904968	71.81711934775859	632.88134765625	624.773681640625	25584.0	513.5227233886719	783.4050476074219	81.61795806884766	1.0471402067089084	49.07862177909536	995.5349731445312	1000.0098266601562	230310.0	895.7654174804688	1077.517401123047	55.28474426269531	0.16638709604740143	0.44751983880996704	0.4891400933265686	0.7244187285615344
sub-09_ses-pre_T1w	0.37477445912155644	3.473528035315338	0.8025886219395636	301.0228271484375	3.3784533333333333	3.42842	3.45042	3.25652	0.19393979719646431	0.44589520142001765	0.3601650013835181	1.8902254104614258	0.7507131636142725	0.0	0.00014758338633703142	24.378711098603578	11.794664798315459	17.444947502377435	240	240	220	2.495828124361316	6.912620323786073	7.92738485418523	14.373706114408302	13.959290613935833	27.09314580045301	28.555879888587402	44.61520325137337	1.0	1.0	1.0	1.5692814486298206	14.68430148301214	20.71338653564453	19.79555892944336	149686.0	0.0	49.658270835876465	15.060420036315918	-0.07727147161398262	130.60423381586824	292.258544921875	312.8851318359375	6181.0	84.30264282226562	474.2233581542969	125.35311126708984	0.5218716808369996	82.19547061358489	611.0015258789062	607.2688598632812	17633.0	472.0427551269531	761.9743652343748	87.84680938720703	0.5934780363098744	64.99397291351481	995.5408935546875	1000.01025390625	222821.0	872.7084350585938	1101.5885009765625	69.57203674316406	0.15497517585754395	0.43956464529037476	0.4810042381286621	0.6722351683852188
sub-10_ses-post_T1w	0.30915180650914376	3.955899022326684	0.7318999556637736	3566.53857421875	3.7777766666666666	3.71777	4.03783	3.57773	0.19943476209867483	0.4491492100968294	0.35141602780449577	2.3278918266296387	0.7035004615783684	0.0	8.152934554725961e-05	29.184399582318136	14.389400431099464	21.76048343774884	240	240	220	1.2663115296985126	7.571296867168729	9.888930494408303	20.829183086357666	22.169472812159047	49.967217659029565	50.82670630956286	80.34342845749995	1.0	1.0	1.0	256.93589209065885	8.154128745705284	9.653825759887695	8.236334800720215	357470.0	0.0	25.671363830566406	9.074151039123535	16.929824750435284	147.16251118546867	307.0823669433594	275.93145751953125	11706.0	113.0235652923584	512.0825119018555	217.8924102783203	0.6516716542284771	75.61886652213398	630.8424682617188	621.9149780273438	31319.0	512.8164306640625	781.4027221679686	82.13983154296875	1.4856746737037172	41.26410274934143	997.0084838867188	999.9912719726562	183359.0	911.0388427734374	1068.0588623046876	48.00901412963867	0.16154520213603973	0.4621865749359131	0.49412456154823303	0.669021788005013
sub-10_ses-pre_T1w	0.35774647364061035	3.538073723865898	0.7811009972057087	800.955810546875	3.329100195887108	3.30933	3.4966202084148055	3.1813503792465188	0.18823966505840803	0.45309179691011775	0.3586685380314742	1.6932182312011719	0.4852686882019044	0.0	0.00011869066109079675	31.059921700665495	14.469060832900627	21.75171207750485	240	240	220	2.0681760311426083	6.679163409996254	8.324463493071505	16.226051038075653	14.213216897459882	31.078579243515073	32.18007650608479	51.24843337727942	1.0	0.9999999403953552	0.9999998807907104	21.164198049210075	12.783261053304884	19.403657913208008	17.159576416015625	149170.0	0.0	51.332302856445295	18.23882293701172	2.0282929184954552	165.9927651511735	274.9410705566406	277.33349609375	7971.0	72.19081115722656	473.5975646972656	134.0872802734375	0.512718680750051	85.13144650344172	612.6290283203125	606.4166259765625	20329.0	474.4715942382812	771.9095825195312	90.79006958007812	0.9789947862620076	55.66382250206225	997.1924438476562	999.9782104492188	177568.0	891.5077728271484	1092.3942016601563	61.62777328491211	0.15907329320907593	0.45157670974731445	0.4899224638938904	0.6914516954036838
sub-11_ses-post_T1w	0.2999104157092449	3.9926504499825275	0.6942690911551207	6184.5947265625	3.9155868223818238	3.90936	4.126140245937124	3.711260221208347	0.2316123132603466	0.417038521497885	0.35134916524176835	0.5321255922317505	0.18117635250091563	0.0	5.3406031270253426e-05	26.339549060823085	15.101418362534915	23.02790752902277	240	240	220	3.2413858359227326	7.664677583380286	10.969060285838808	22.001117438213402	24.723306778117525	42.86245400994531	45.403610507885276	68.62507073559298	1.0	0.9999999403953552	0.9999999403953552	235.20169780176036	9.546558591550593	9.641481399536133	6.571895122528076	479765.0	0.0	29.306146621704098	11.609031677246094	-0.21994303146548466	104.45803151426533	336.12725830078125	360.2646789550781	8177.0	131.60348815917968	480.88692016601556	111.13846588134766	0.5157632267734291	74.95873571256378	631.6133422851562	624.5858764648438	18447.0	511.4155029296875	779.8439941406251	81.48665618896484	2.095999289769922	37.63044234381821	996.4529418945312	999.9952392578125	183628.0	915.3969604492188	1061.7847961425782	45.45189666748047	0.17097903788089752	0.46733567118644714	0.5123226046562195	0.6377112450396353
sub-11_ses-pre_T1w	0.304483603002423	4.20220695378586	0.7625172424881635	268.9287414550781	3.4369100000000006	3.44591	3.60822	3.2566	0.18432925601830522	0.4571971872567194	0.35847355672497544	1.9995629787445068	0.48384588360786474	0.0	7.722501035155561e-05	30.917886010974097	14.263767183673842	21.921593016418655	240	240	220	2.2148413587924103	6.857375551745652	8.915289729811152	17.673652278895396	17.094135483127268	34.52129637526114	37.299760770990275	60.28385045458243	1.0	1.0	1.0	109.79821107154163	10.867412996507314	15.210195541381836	14.656158447265625	148872.0	0.0	36.907603073120114	12.9494047164917	1.4818436042060856	138.2237224237817	278.4690246582031	283.55780029296875	4194.0	78.3140827178955	461.2681930541992	128.01097106933594	0.25884534441668405	79.97744919160058	577.2022094726562	572.6398315429688	21456.0	446.94205474853516	724.1697387695312	83.50519561767578	1.1547859298267564	50.143518196781756	997.2633056640625	999.989501953125	181006.0	899.4906158447266	1083.7432250976562	56.580650329589844	0.1662309616804123	0.4701932370662689	0.5094166994094849	0.7034691070521392
sub-12_ses-post_T1w	0.2680505493831296	4.486806005627255	0.7102280814808057	8789.83203125	3.584090144105364	3.49921	3.7886402258205547	3.464420206495536	0.19224573255470856	0.4701815931523388	0.3375726742929526	2.52915358543396	0.72443356513977	0.0	5.3426877722753114e-05	32.98351563421056	15.390417989749718	24.46090395173126	240	240	220	1.382352835421073	8.25566730606357	9.29714338130387	18.25341000242697	30.452680273019396	88.3264799202302	89.2325550003216	148.91850480771515	1.0	0.9999999403953552	0.9999999403953552	18.409663027614727	4.399274216762104	7.197320461273193	5.112302780151367	417018.0	0.0	21.787263488769526	7.804272651672363	85.70746613315977	97.45376762760827	235.1229705810547	204.49130249023438	6111.0	99.49618911743164	427.53965759277344	147.91778564453125	0.4936761217568377	65.88784160946197	598.4954833984375	593.1168212890625	24430.0	489.0241104125977	727.799249267578	71.84212493896484	2.06874793012706	43.176174580214436	993.5225219726562	999.995361328125	150341.0	886.8236083984375	1069.1663818359375	54.78384780883789	0.17421236634254456	0.47426849603652954	0.5025784969329834	0.6617600388009177
sub-12_ses-pre_T1w	0.309661036902332	4.1282659341837045	0.7786586541768112	119.4744873046875	3.259090061890685	3.21442	3.44779	3.115060185672056	0.177466011935864	0.48353751680500967	0.3389964712591263	2.079547166824341	0.6023509800434115	0.0	0.000165191529751264	35.9699872650749	15.320821386869792	24.88562949682902	240	240	220	1.6111101537478862	6.889848318035821	7.8550236568560114	15.064112498784326	8.723098023405482	28.014321553350648	28.86668249763615	49.86262791615231	1.0	1.0	0.9999999403953552	100.41563110294634	13.1387070228972	18.492795944213867	17.714866638183594	120979.0	0.0	44.53433837890625	14.480711936950684	0.8891227936523678	106.70859005540194	197.1826171875	174.94102478027344	4260.0	51.55199928283692	392.3636138916015	108.57140350341797	0.18043789647439246	78.3288867394073	567.0328979492188	561.824951171875	16743.0	439.4568817138672	709.0712524414063	81.54144287109375	1.3642158585443207	57.354055994393605	994.8394165039062	999.990966796875	142864.0	874.5678344726563	1092.8283386230469	66.3821029663086	0.16416408121585846	0.4676494300365448	0.49515873193740845	0.6785901163264026
sub-13_ses-post_T1w	0.29103410299409566	3.935282863342882	0.7301071660475114	2610.200439453125	3.8031834062353815	3.74328	3.99699	3.669280218706144	0.2180963850508465	0.4083389951301855	0.373564619818968	2.3527421951293945	0.7280914306640627	0.0	6.427691149613056e-05	26.25349019443951	14.683519606587128	20.486418954288744	240	240	220	2.067769405583831	7.567783101336585	10.567978106782379	22.06838181342672	22.241540846872745	43.19345910331122	44.781717794779034	68.91015343415312	1.0	1.0	0.9999999403953552	20.78302272378977	9.50710316351543	8.93108081817627	6.456056118011475	418507.0	0.0	26.041519927978513	8.953619003295898	98.26842376994865	97.83351251347003	319.37744140625	322.76123046875	6256.0	124.98693656921387	478.39197540283203	156.0790252685547	1.366545023882086	69.86717709278618	632.9608764648438	626.8079223632812	14779.0	509.03888244628905	782.8756103515625	82.82302856445312	1.7622560357421095	38.74424907028771	997.095703125	999.9993286132812	210572.0	918.7447814941406	1064.2555847167969	45.313560485839844	0.1485520899295807	0.4363973140716553	0.4961020052433014	0.6969284993727638
sub-13_ses-pre_T1w	0.39559480874674685	3.230947451214441	0.7908063615026931	209.82403564453125	3.2668633333333332	3.24912	3.4201	3.13137	0.19919823884706483	0.4170121668010958	0.38378959435183935	1.9585316181182861	0.6351866304874418	0.0	0.0001765895934189766	28.835611255941284	14.68111972670122	20.06908326431802	240	240	220	3.1736410120090457	7.143980051760433	9.084147968419456	16.93482284148889	17.10451174331062	28.197041978650077	29.628901277907513	43.58515011176184	1.0	1.0	1.0	102.49328493767388	15.03140249878745	19.897357940673828	20.299957275390625	143066.0	0.0	50.617430686950684	15.938664436340332	4.948906271870151	117.44098114772143	380.8794860839844	392.4447021484375	3958.0	148.8521598815918	544.5286407470701	123.64193725585938	0.41014023812800016	84.8102492027468	649.903564453125	646.950927734375	10518.0	504.10778503417964	804.7914825439452	90.5545883178711	0.7159066885024283	54.85990171902979	998.3096923828125	1000.0145874023438	203377.0	898.4010009765625	1091.0751220703125	59.05064010620117	0.1399320811033249	0.43385276198387146	0.492999792098999	0.6155582286643602
sub-14_ses-post_T1w	0.30906772948031125	3.832236772677953	0.7000054243522768	9280.1650390625	3.7706400747307183	3.761320224192156	3.91334	3.63726	0.2082395008397625	0.4177786920283829	0.3739818071318546	2.1789987087249756	0.6032667636871341	0.014329434926765337	0.0001037868099141954	25.279750865386358	13.40953642981964	18.982874513574696	240	240	220	1.8666739732766608	7.241546559138005	10.79715666031403	23.283249448527425	51.93037143090391	108.6908136821901	111.21675240317576	173.0290720964333	0.9999999403953552	1.0	1.0	57.214158196238245	3.7862711167671295	5.7940239906311035	2.5538010597229004	347707.0	0.0	18.41743507385254	6.743113994598389	69.92021247171883	135.70476234195135	299.28631591796875	300.1244812011719	12896.0	114.26318359375	467.7107849121094	160.77410888671875	0.6091127235104277	78.41449109113496	637.8479614257812	628.1636962890625	28491.0	511.14991760253906	798.7346801757812	86.74288940429688	1.9339017262105127	36.50745079525531	997.946533203125	999.9978637695312	229616.0	924.7754669189453	1062.1984558105469	42.94914627075195	0.17935989797115326	0.46330755949020386	0.519226610660553	0.7323896897282842
sub-14_ses-pre_T1w	0.3504548309073158	3.601433144570578	0.7762160925943316	406.0445556640625	3.4566733333333333	3.45423	3.59829	3.3175	0.19520073449912714	0.4275512746841545	0.3772479908167184	2.323218822479248	0.6357253789901733	0.0	0.00021110393546894225	26.956953507384704	13.400382695632484	19.05467561033908	240	240	220	1.9548794390238078	6.429817096875942	8.944865023478643	18.449898534536178	15.006165355069124	33.74686945206648	34.817026350972064	55.698044245780586	1.0	1.0	1.0	111.7797708918178	11.762128983809077	13.804798126220703	8.12449836730957	75625.0	0.0	32.513719940185545	12.586482048034668	20.88034146238347	142.59014386382802	267.69256591796875	269.4163513183594	7484.0	75.92505760192871	462.1618469238281	137.80816650390625	0.23503610989760304	89.36659964251028	610.272705078125	605.8815307617188	21682.0	461.122248840332	772.914080810547	94.2278060913086	1.1067478470734429	48.74941603746184	998.4534301757812	999.986572265625	220382.0	907.5036407470703	1083.610223388672	54.199989318847656	0.17078420519828796	0.4562998116016388	0.5092304944992065	0.7333616982504154
sub-15_ses-post_T1w	0.37699850085549325	3.3230610210634515	0.6850766422463832	10170.4814453125	4.044806666666667	3.97126	4.31165	3.85151	0.21243756227333715	0.4162453681096142	0.37131706961704863	1.8062803745269775	0.5227905392646788	0.0	5.6784900834315966e-05	25.880549619704873	13.95487205979041	19.61366921490564	240	240	220	2.0303233755492283	7.166123381367477	9.679813030900126	19.84299233578367	43.98234147104319	116.42260607763797	112.93065978809689	178.38703181560956	1.0	1.0	1.0	15.481768742313658	3.6725085550656007	6.944950103759766	2.47706937789917	627783.0	0.0	25.556914138793946	9.636990547180176	25.076934047713486	121.45246350837256	265.8970947265625	246.55252075195312	14811.0	110.2430419921875	456.4933319091797	121.43099975585938	0.28358376577050093	87.20576844282184	664.703125	652.632080078125	22876.0	536.3970642089844	833.9457855224609	91.06985473632812	1.2651655880293937	43.74653845858607	997.4203491210938	999.987060546875	229595.0	909.522216796875	1074.5250854492188	50.39486312866211	0.17447736859321594	0.4501585066318512	0.5104798674583435	0.7420841812152813
sub-15_ses-pre_T1w	0.4002668402874378	3.257586261375724	0.767798435221362	411.1767578125	3.4818900662406325	3.4123	3.69937	3.3340001987218977	0.20109089560446336	0.41973684099218617	0.3791722634033505	2.2618539333343506	0.5620726346969604	0.0	8.673472641232852e-05	27.440386807657532	14.066965220975993	19.71233481279305	240	240	220	2.24729340152418	6.559964033113616	8.122824092929953	15.561214844152063	17.22915323443374	34.74160118490711	35.89866684240409	55.72524610787142	1.0	1.0	0.9999999403953552	2.620526547243805	11.75646057990322	18.212862014770508	15.792366027832031	129624.0	0.0	47.17704296112059	14.163118362426758	17.554799215615404	118.03604903034429	303.2662658691406	309.17816162109375	3333.0	94.43299865722656	489.5085449218749	137.557373046875	0.2739217755859471	91.94966118592106	628.3825073242188	623.4400634765625	15654.0	482.0460861206054	794.1213867187498	95.0340805053711	0.7762757218650451	58.771912003955066	999.7933349609375	999.9927978515625	220515.0	894.5710327148438	1105.0529174804688	64.26172637939453	0.15293145179748535	0.43795886635780334	0.5056121349334717	0.685665936361463
sub-16_ses-post_T1w	0.28308465596031385	4.341156820496477	0.6886889565196477	11850.1650390625	3.7855866666666667	3.75554	4.04686	3.55436	0.2135078551441576	0.4138468497739174	0.372645295081925	1.8678476810455322	0.40693482756614685	0.0	0.00012453580221041547	27.38726238228113	14.977008766441573	21.30537094255174	240	240	220	1.6055411501768024	7.992560483864733	10.93408672612347	23.204158544328877	54.80032142147901	125.43125111949891	127.99378825354184	203.74979221964762	1.0	1.0	1.0	1418.9043874719732	3.215342377492432	5.159854412078857	2.168715476989746	396631.0	0.0	17.154926300048828	7.1099066734313965	69.08950575232178	143.78698726392767	280.71575927734375	268.9543762207031	9583.0	105.43904266357421	457.21109313964837	167.50759887695312	0.5081270880830089	71.58795124971383	620.382080078125	615.603759765625	24020.0	503.30249786376953	757.2212951660156	77.02049255371094	1.4408539338967428	37.22395740939883	996.2568359375	999.983154296875	209029.0	918.50361328125	1058.9275390624998	43.09489440917969	0.16141259670257568	0.44235336780548096	0.5061405897140503	0.7531169006565778
sub-16_ses-pre_T1w	0.3462397617199157	3.668972030578366	0.7736453652219615	918.9147338867188	3.4329199999999997	3.40875	3.66255	3.22746	0.19885071416209849	0.42247634719634686	0.3786729386415546	1.947758436203003	0.5705269277095795	0.0	0.00024943372267276063	29.49958933683766	15.060714010443764	21.51161766889004	240	240	220	2.090151702286436	6.839001093321596	9.454450894464584	19.43419988778572	15.55834318253764	32.72239789604374	33.86162487611772	53.30413354977178	1.0	1.0	1.0	200.70921366233267	12.290317052725024	16.81049919128418	16.591093063354492	73466.0	0.0	41.62274646759033	19.25629425048828	15.324075625418864	154.709403502501	282.9705810546875	291.87353515625	5194.0	80.78680801391602	474.3273330688476	139.6288299560547	0.09031966633222277	87.10333279149444	617.8003540039062	613.8701171875	18906.0	474.80396270751953	773.1280670166016	89.75782775878906	1.0532006289808118	46.584015049441234	998.2489624023438	999.982177734375	199682.0	911.5198028564453	1078.4726257324216	51.45463562011719	0.15618950128555298	0.44342613220214844	0.5040361285209656	0.6976897721492207
sub-17_ses-post_T1w	0.29246598886364567	4.201293153521421	0.6912675647707685	38860.44921875	3.794923409211839	3.8190902276355163	3.91182	3.65386	0.229888969395737	0.4047487041816464	0.3653623264226166	2.218888998031616	0.5840549588203428	0.0	7.241843424256765e-05	23.840155256916397	13.712030337928125	19.470683354254653	240	240	220	2.189685983369418	7.710776646368599	11.136675886111782	23.509565028597326	49.191507052760954	120.78031491040944	121.85459351520917	195.59195858245712	0.9999999403953552	1.0	1.0	708.5149606682982	3.3494586661397836	5.2896246910095215	2.2591755390167236	467713.0	0.0	18.445647048950192	8.117867469787598	6.0290101395008175	123.65268085403295	267.8671569824219	251.49713134765625	16073.0	112.19149932861328	448.1175415039063	114.85176849365234	0.5308251798687724	75.39300134040853	623.586669921875	617.5029907226562	22557.0	500.8999755859375	762.9792602539063	80.08133697509766	1.6519126225581067	36.47025905259139	996.0773315429688	999.9859619140625	216234.0	919.6641052246093	1057.4477416992186	42.53518295288086	0.16496363282203674	0.43419787287712097	0.4984913170337677	0.8606744700195108
sub-17_ses-pre_T1w	0.37792755355607865	3.381594458136426	0.783485378162701	815.8604125976562	3.4187966666666667	3.48704	3.47352	3.29583	0.2247062852997604	0.39967453486730614	0.3756191798329335	0.9027862548828125	0.30083829164505005	0.0	0.0001938972464558049	25.42831683489137	14.319938342825816	20.151784243645405	240	240	220	3.32520372449459	6.735882887090561	9.747573424275274	19.18163366124067	18.92595873974703	32.62289698728401	34.34617494233343	51.489669099969234	1.0	1.0	1.0	120.82312340608695	12.723532138264448	15.895201683044434	17.24041175842285	88217.0	0.0	35.16163101196289	13.286588668823242	0.4054934993103392	100.6375979776999	354.0011901855469	367.56475830078125	6143.0	147.0386169433594	511.8666687011718	110.53002166748047	0.04960624289317739	91.59131738799124	640.0459594726562	633.57568359375	14474.0	494.1135955810547	809.364758300781	94.05653381347656	1.136497398771831	46.88711417852353	997.270751953125	999.990966796875	207727.0	906.9260437011719	1076.5045532226563	52.132606506347656	0.14391717314720154	0.42751777172088623	0.4938966929912567	0.7607996305257633
sub-18_ses-post_T1w	0.31380776722692594	3.7880170342203816	0.6965266969861479	20953.21484375	3.8196763611917066	3.7715	4.037399518704472	3.6501295648706478	0.2124946593608102	0.42000927508846964	0.3674960655507202	0.5506225228309631	0.19602854251861568	0.006139089243323741	0.00011780109265603948	28.524153723254567	15.330410095410954	22.07545629850443	240	240	220	2.20664726314656	7.616013441322689	11.215358094766676	23.823413579830774	34.442060698178445	78.4044190209819	78.33611413841089	122.16186269607232	1.0	1.0000001192092896	1.0000001192092896	3.2779273478984967	5.362842082212703	7.595624923706055	3.6171820163726807	377485.0	0.0	24.944162750244136	8.84603214263916	0.46032006738697584	157.44477247138923	289.8812561035156	281.9372253417969	8933.0	113.60432281494141	488.03167114257815	127.76008605957031	0.48986732435912383	76.38699817080249	648.4200439453125	641.8060913085938	24408.0	519.8490905761719	801.8371490478514	84.26888275146484	1.9972498740453952	36.01626641768888	997.9692993164062	999.99755859375	190079.0	926.0799255371094	1060.9676391601563	41.97529983520508	0.17499321699142456	0.46249639987945557	0.5133574604988098	0.6712693421813143
sub-18_ses-pre_T1w	0.37690929145514873	3.4197700089205445	0.767697018394586	361.8059387207031	3.4063699999999995	3.3888	3.58006	3.25025	0.19748174729907556	0.428199140981263	0.3743191117196614	1.5872691869735718	0.48022408485412593	0.0	0.0002510943888094079	30.505039796807036	15.295341102238961	21.990830649635214	240	240	220	2.2670930969853678	6.721770771049461	8.954340680174331	17.87415817248817	15.376499817976121	31.63066809527298	32.51969160292658	50.55190689553062	1.0	1.0	1.0	1.2056874853899364	12.95956057448612	18.195659637451172	17.468910217285156	79516.0	0.0	43.82655048370361	13.586283683776855	3.6863725523280877	149.15947475256212	286.5048522949219	304.1697692871094	4787.0	77.21235046386718	477.0639373779296	134.15328979492188	0.08285226123916134	90.03225039442233	631.89599609375	625.7011108398438	19175.0	487.4164733886719	796.0949279785156	93.08332824707031	0.8999101068529063	51.0410970179095	997.271240234375	999.9910278320312	184627.0	900.4838012695313	1083.0107910156248	55.94603729248047	0.1622573584318161	0.45417729020118713	0.5047490000724792	0.7355782196484659
sub-19_ses-post_T1w	0.3098642029162071	3.7371544546904816	0.7060044094876204	8374.69921875	3.701226809923657	3.6595402181255947	3.89332	3.550820211645377	0.22489957127991006	0.42053437322384746	0.3545660554962425	1.8092819452285767	0.5204536199569703	0.02397919398760948	0.00012018971664523209	23.380536990261604	13.150263752825923	19.758245119275237	240	240	220	2.208306316414464	7.3929872856739935	10.514360223293076	21.941787067790774	43.61060277235493	102.0315096201315	102.07631376903453	160.58682891461714	0.9999999403953552	1.0	0.9999999403953552	4.693591019236393	4.079628339411082	6.1577277183532715	2.7516674995422363	466013.0	0.0	22.366240310668942	7.561774253845215	42.96696033289862	124.22252440997072	272.0059509277344	271.5694885253906	12241.0	103.19170379638672	442.4625244140625	122.97134399414062	1.4823049032401379	73.60535443937226	644.1344604492188	635.3648681640625	18819.0	519.8116455078125	800.36396484375	85.93927764892578	1.6078010912203915	39.38116897476473	999.1636352539062	999.9972534179688	217401.0	923.9425048828125	1070.673828125	45.57490921020508	0.1678587794303894	0.4446137249469757	0.5043583512306213	0.659302887633755
sub-19_ses-pre_T1w	0.35255449561384417	3.586553716765874	0.7789401811648069	436.1947021484375	3.30002641029798	3.299699606645154	3.44835	3.1520296242487875	0.19730237068447373	0.4400357969523604	0.36266183236316585	2.142784357070923	0.5731445968151092	0.0	0.00010699605295745745	25.932554387296975	12.829826588408075	18.993097530372676	240	240	220	1.613598620101244	6.594570075568448	8.436415285327847	17.10107716031385	11.356109316430475	33.239812715614256	33.13583145128705	54.81157232181643	1.0000001192092896	1.0	1.0000001192092896	6.13962620750573	11.952369045850828	16.638042449951172	16.109359741210938	115604.0	0.0	40.59638977050781	12.873868942260742	13.190625505574921	123.1760881273292	227.54644775390625	207.18191528320312	8712.0	63.750704765319824	446.54390258789056	128.3900604248047	0.6160739283314669	86.35619502189655	610.3947143554688	606.4302368164062	14978.0	467.7484771728516	769.5651794433593	91.9559555053711	1.168798477885149	52.3941615730978	998.047119140625	999.9874267578125	218140.0	899.8981079101562	1088.8414489746092	58.474979400634766	0.16650250554084778	0.44077515602111816	0.5017988681793213	0.6257409366740413
sub-20_ses-post_T1w	0.3019608236468609	4.013734901489717	0.7030454440527357	29096.69140625	3.7432133333333333	3.69954	3.89936	3.63074	0.21567933612159015	0.4188045323027358	0.3655161315756741	2.471773147583008	0.6632874965667725	0.0	0.00011507512439687364	23.692574569533424	13.091941757454233	18.88342154927276	240	240	220	2.0960996199891473	7.516287543032546	10.688022394832538	22.451680021475923	36.50070318505387	96.7940012376277	96.32532774562702	155.6812788141995	1.0	1.0	1.0	3.5027826919625973	4.2081893377251545	6.731013298034668	2.8383805751800537	518943.0	0.0	22.52797164916992	7.4227166175842285	10.22668736105354	106.29205498005892	253.85382080078125	234.45785522460938	14929.0	107.43242950439452	446.3807678222656	111.85060119628906	0.9125213351592865	75.33038166662887	628.8365478515625	621.7445678710938	30439.0	504.7038970947266	775.0815307617187	82.71827697753906	1.5856177867885206	38.88790330746285	998.1764526367188	999.9998779296875	236422.0	922.5783447265625	1065.88251953125	44.53999710083008	0.18551228940486908	0.46193215250968933	0.5205045342445374	0.7573035009936431
sub-20_ses-pre_T1w	0.3986708296137495	3.2500334451653585	0.7878031295169265	592.8681030273438	3.3275867352034694	3.32176	3.449570205610407	3.21143	0.21221027691851788	0.4134401334099846	0.3743495896714975	2.0874054431915283	0.7748122453689574	0.0	0.00018257539456728632	24.799574154580306	13.45658516606399	19.18870972899634	240	240	220	2.8203215595382365	6.463441222519323	8.647216792318481	16.657887594897883	15.40295333094742	26.29279930799024	27.886526989892925	41.963828330741116	1.0	0.9999999403953552	1.0	0.9606789269432516	15.611902060221976	18.998149871826172	21.171459197998047	133202.0	0.0	42.91812019348144	14.230504989624023	27.48843978905172	111.67965444198991	356.9454040527344	367.05242919921875	4740.0	129.24041976928712	519.1526092529297	130.13186645507812	0.29791402749246654	93.03962357129095	631.032470703125	626.5574951171875	17532.0	480.3879913330078	802.2876495361329	96.93592071533203	0.7526807423139097	55.84027967528527	998.5278930664062	999.9981689453125	227921.0	897.9219360351562	1093.386474609375	60.03137969970703	0.15488742291927338	0.45069247484207153	0.5142096877098083	0.6520797751436624
sub-21_ses-post_T1w	0.32941194302899335	3.658493824908967	0.6792744459806989	9415.1875	3.7855233333333334	3.75289	4.03358	3.5701	0.20941149874857107	0.4247965639751561	0.3657919372762729	2.6474475860595703	0.6642319440841673	0.0	5.328192929225507e-05	26.95992970424714	14.230766426559095	20.789450322427346	240	240	220	0.8221661885952073	7.334953929364235	10.060290592851358	22.023751660594627	34.77735154837559	106.67417946115381	102.76556668225282	166.84516903722906	1.0	1.0	1.0	117.13363369265002	3.9265545694794284	6.5674920082092285	4.570696830749512	515025.0	0.0	19.706839752197258	7.615585803985596	69.45896856967622	94.97576597040873	255.56246948242188	208.43777465820312	11582.0	101.5541473388672	427.4328674316399	253.51173400878906	0.4954749352647174	79.12407515463666	645.1101684570312	639.350830078125	20242.0	509.3024200439453	802.2854583740234	87.16278839111328	1.3777731664541486	39.67318297373431	997.1171264648438	999.9851684570312	210070.0	918.2317687988282	1065.1419311523437	45.40474319458008	0.17716267704963684	0.4508095979690552	0.5068724155426025	0.7508888009768666
sub-21_ses-pre_T1w	0.3858160121555681	3.3478225621386355	0.7576679733763054	320.519287109375	3.33118	3.33313	3.50843	3.15198	0.21413335896696467	0.41092766364015043	0.3749389773928849	2.5817813873291016	0.759212040901184	0.0	0.00011728848276584774	27.29393275219015	14.752775351198206	21.083762968514236	240	240	220	1.9496083074037187	6.53569100787715	8.49759052607592	17.007472262946887	16.805608693649756	31.32621083252009	32.828193860846646	50.35276205637008	1.0	1.0	1.0	368.06927746594556	13.010663872657592	18.147464752197266	17.544368743896484	170813.0	0.0	44.05916213989258	14.900092124938965	51.74929342346241	101.75828200938219	325.85052490234375	333.75054931640625	2397.0	89.8237274169922	491.58463745117183	171.15280151367188	0.1779487866303291	91.43603507555498	626.5155639648438	622.1220703125	9161.0	475.609619140625	791.4506225585938	95.18321990966797	0.7878598417798051	54.347361498960474	998.5730590820312	999.9793701171875	200647.0	900.6003112792969	1091.8333129882812	58.79632568359375	0.1466134488582611	0.4376823306083679	0.5049974918365479	0.6605813450165495
sub-22_ses-post_T1w	0.3336499280364971	3.704951186742261	0.6831503749413819	34571.34765625	3.9242966666666668	3.79854	4.2787	3.69565	0.22275762614688144	0.3953308592460229	0.38191151460709566	2.4785866737365723	0.5780745506286618	0.0	0.0001154378336916885	25.31454449791052	14.560026308301575	19.60144809163987	240	240	220	2.3538976646406327	7.5674088248109435	10.853104692480576	22.638007587990145	46.9359676132982	122.42138723079405	119.81901727550915	190.09969698243518	1.0	1.0	1.0	168.97065445941504	3.4462082395656237	5.146120071411133	2.324432134628296	489907.0	0.0	16.943703269958498	6.3762736320495605	0.08675532109600059	118.1100705522399	255.3946075439453	246.89686584472656	14963.0	104.33722610473633	424.3279510498047	104.88502502441406	0.4402584401862413	79.29261437777916	649.5894165039062	643.97216796875	22209.0	518.8807739257813	801.17119140625	85.09619140625	1.0341047305835245	39.48930555015012	997.143310546875	999.9797973632812	234265.0	919.3810302734375	1064.071630859375	44.17251205444336	0.17838142812252045	0.4367842376232147	0.5134234428405762	0.8259636997392436
sub-22_ses-pre_T1w	0.37626576086220587	3.4621027415015995	0.7745006866003509	336.7963562011719	3.4592034652787524	3.3981002025425555	3.73658	3.2429301932937022	0.21257509692546692	0.40010514398602265	0.3873197590885104	1.5066478252410889	0.40808639526367174	0.0	0.00024878911230285096	26.481544232309183	14.681007546141412	19.578274115144954	240	240	220	3.322991152285427	6.850719735072226	9.64381279736475	18.757727504736597	17.137540254483383	31.173664610682838	32.63879948499308	49.60519358981303	0.9999999403953552	1.0	0.9999999403953552	219.2107195564197	13.20681270494693	19.092758178710938	17.783597946166992	86063.0	0.0	44.891338348388665	16.1838436126709	1.2923152590222982	92.60318616285268	335.8587646484375	345.4735412597656	8291.0	137.47527313232422	478.9275817871094	103.95835876464844	0.09379626879240144	89.5409302805688	631.609619140625	628.426025390625	13776.0	483.0822525024414	785.7539520263672	91.72805786132812	0.601880486516845	50.26396152886372	999.3270263671875	999.9849243164062	225583.0	911.2677795410157	1085.1759033203125	53.31044006347656	0.1499181091785431	0.4339446723461151	0.5124524235725403	0.7118576573238659
sub-23_ses-post_T1w	0.3157778276398406	3.9423564359580783	0.6873623809861195	10662.47265625	3.765636962728129	3.6891802198922763	4.003380238620057	3.604350429672054	0.2056670307120425	0.4342732173825385	0.360059751905419	2.7735180854797363	0.6738866567611694	0.0	7.416814794726761e-05	27.301118327137303	14.085216751957095	20.79858368446775	240	240	220	1.2267238645455525	7.716216602413006	9.688263754882238	20.121850797688154	39.739623474381105	103.96564287890912	103.39702325050457	166.4858033982235	0.9999999403953552	0.9999999403953552	0.9999998807907104	48.44045672790517	3.9350433896215575	6.547591209411621	4.575551986694336	405746.0	0.0	21.028381824493408	7.366286754608154	57.71693736049314	133.39560531454026	272.23187255859375	238.69403076171875	9426.0	101.40664100646973	466.40660095214844	194.56813049316406	0.44724604705945614	75.87631301332347	630.065185546875	624.46435546875	31540.0	506.25950775146487	773.4138671874999	80.92754364013672	1.43276704829539	42.70589359086058	997.9781494140625	999.988525390625	197674.0	912.4017150878906	1075.2957824707032	49.6965217590332	0.1596447378396988	0.4533657729625702	0.5039023756980896	0.7524791057887781
sub-23_ses-pre_T1w	0.3723226133563039	3.5543523039185936	0.7635930632818426	420.1981506347656	3.3333699396360124	3.2729196098375786	3.5076202090704567	3.21957	0.19553964757581585	0.43916237568455035	0.3652979767396338	1.5216598510742188	0.37326186895370483	0.0	0.0002473680253899423	29.193614892238827	14.360183521007873	21.215724998568895	240	240	220	2.0709734919692964	6.728669649613021	8.545247972828259	16.836100776902455	15.301348549294032	34.60032829982057	35.49534070400415	56.584345262897855	1.0000001192092896	0.9999999403953552	1.0	1.4154821577084267	11.577816779930286	17.254636764526367	15.566275596618652	99215.0	0.0	39.76572341918945	12.730567932128906	19.200993327613492	148.32426675535436	261.9167785644531	270.41119384765625	5396.0	69.5447883605957	447.1607666015625	130.55992126464844	-0.015357810806365446	90.11115842265335	614.2623901367188	611.4700317382812	17547.0	467.31614685058594	769.2106628417969	90.87273406982422	0.7502967360287989	54.53983555406066	999.5144653320312	999.9798583984375	187712.0	901.1491088867188	1095.7087829589843	59.39482116699219	0.1546318084001541	0.4498901069164276	0.49982333183288574	0.7182452576701267
sub-24_ses-post_T1w	0.34448121257230324	3.5701501181195012	0.6995350687034264	40533.30078125	3.8264301533540177	3.76073	4.035680240545287	3.6828802195167674	0.22251517399047713	0.411172144897721	0.3663126811118019	1.6341058015823364	0.4436607599258422	0.0	8.42320562679287e-05	24.278984554461573	13.714695237320875	19.438822322179444	240	240	220	2.084352145507697	7.986872775972934	10.332630836700526	20.926667588620944	45.73890472940361	111.45516753401925	108.79699138900871	169.19690190360328	1.0	0.9999999403953552	0.9999999403953552	5.7623779639557995	3.8720133256613893	5.761792182922363	2.61163330078125	717604.0	0.0	21.16286287307739	7.193849563598633	25.21681235005477	131.1034492570878	285.7344665527344	270.3279113769531	13189.0	122.27885284423829	478.706884765625	129.68905639648438	0.5023053187658082	75.85577158854315	666.2788696289062	658.726806640625	27205.0	544.3705200195312	816.23681640625	82.47467041015625	1.4216637777397603	41.70447651010544	997.53955078125	999.9943237304688	221206.0	915.1781005859375	1070.1552124023438	47.78553771972656	0.1732674092054367	0.45175251364707947	0.5084394812583923	0.6143975811524195
sub-24_ses-pre_T1w	0.3755393391101979	3.3773164459133698	0.784516247335582	956.3358154296875	3.2934633333333334	3.22565	3.47573	3.17901	0.18893442706055627	0.43312866221416224	0.37793691072528146	2.8020737171173096	0.7541440486907955	0.0	8.361526387153234e-05	27.683583831577092	13.342469410551091	18.772386819437262	240	240	220	1.4414834429536216	6.746885532020534	8.195496420833317	16.398120287525796	10.31114966190815	31.646103361673916	31.010848764143645	51.07529326884886	1.0	1.0	1.0	92.45395392519026	12.826666265902535	19.350536346435547	17.283626556396484	171047.0	0.0	44.156569671630855	23.120412826538086	68.22175340034825	113.87698173587091	231.88351440429688	201.87808227539062	7370.0	69.9598258972168	467.0355789184569	140.03933715820312	0.1568209177246085	88.51607606757533	623.8375854492188	619.5870361328125	18941.0	478.65618896484375	783.713134765625	91.83061981201172	1.3010036154363611	54.33785995886385	998.32861328125	999.9837646484375	216093.0	896.0906494140625	1093.9843017578125	60.981468200683594	0.17294542491436005	0.44761741161346436	0.5029517412185669	0.6008947392158954
